Gene_ID,Major_splicing_variants,Seq_info,missing_seq_index
At1g52310,AT1G52310.1,#N/A,AT1G52310.1
At1g28390,AT1G28390.1,#N/A,AT1G28390.1
At2g39180,AT2G39180.1,#N/A,AT2G39180.1
At3g09780,AT3G09780.1,#N/A,AT3G09780.1
At3g51990,AT3G51990.1,#N/A,AT3G51990.1
At3g55950,AT3G55950.1,#N/A,AT3G55950.1
At3g59420,AT3G59420.1,#N/A,AT3G59420.1
At5g23170,AT5G23170.1,#N/A,AT5G23170.1
At5g47850,AT5G47850.1,#N/A,AT5G47850.1
At1g30570,AT1G30570.1,#N/A,AT1G30570.1
At2g21480,AT2G21480.1,#N/A,AT2G21480.1
At2g23200,AT2G23200.1,#N/A,AT2G23200.1
At2g39360,AT2G39360.1,#N/A,AT2G39360.1
At3g04690,AT3G04690.1,#N/A,AT3G04690.1
At3g46290,AT3G46290.1,#N/A,AT3G46290.1
At3g51550,AT3G51550.1,#N/A,AT3G51550.1
At4g39110,AT4G39110.1,#N/A,AT4G39110.1
At5g24010,AT5G24010.1,#N/A,AT5G24010.1
At5g28680,AT5G28680.1,#N/A,AT5G28680.1
At5g38990,AT5G38990.1,#N/A,AT5G38990.1
At5g39000,AT5G39000.1,#N/A,AT5G39000.1
At5g54380,AT5G54380.1,#N/A,AT5G54380.1
At5g59700,AT5G59700.1,#N/A,AT5G59700.1
At5g61350,AT5G61350.1,#N/A,AT5G61350.1
At3g45860,AT3G45860.1,#N/A,AT3G45860.1
At4g00960,AT4G00960.1,#N/A,AT4G00960.1
At4g00970,AT4G00970.1,#N/A,AT4G00970.1
At4g04490,AT4G04490.1,#N/A,AT4G04490.1
At4g04500,AT4G04500.1,#N/A,AT4G04500.1
At4g04510,AT4G04510.1,#N/A,AT4G04510.1
At4g04540,AT4G04540.1,#N/A,AT4G04540.1
At4g04570,AT4G04570.1,#N/A,AT4G04570.1
At4g05200,AT4G05200.1,#N/A,AT4G05200.1
At4g11460,AT4G11460.1,#N/A,AT4G11460.1
At4g11470,AT4G11470.1,#N/A,AT4G11470.1
At4g11480,AT4G11480.1,#N/A,AT4G11480.1
At4g11490,AT4G11490.1,#N/A,AT4G11490.1
At4g11500,#N/A,#N/A,#N/A
At4g11530,AT4G11530.1,#N/A,AT4G11530.1
At4g21400,AT4G21400.1,#N/A,AT4G21400.1
At4g21410,AT4G21410.1,#N/A,AT4G21410.1
At4g23130,AT4G23130.2,#N/A,AT4G23130.2
At4g23140,AT4G23140.2,#N/A,AT4G23140.2
At4g23150,AT4G23150.1,#N/A,AT4G23150.1
At4g23160,AT4G23160.1,#N/A,AT4G23160.1
At4g23180,AT4G23180.1,#N/A,AT4G23180.1
At4g23190,AT4G23190.1,#N/A,AT4G23190.1
At4g23200,AT4G23200.1,#N/A,AT4G23200.1
At4g23210,AT4G23210.1,#N/A,AT4G23210.1
At4g23220,AT4G23220.1,#N/A,AT4G23220.1
At4g23231,#N/A,#N/A,#N/A
At4g23240,AT4G23240.1,#N/A,AT4G23240.1
At4g23250,AT4G23250.1,#N/A,AT4G23250.1
At4g23260,AT4G23260.1,#N/A,AT4G23260.1
At4g23270,AT4G23270.1,#N/A,AT4G23270.1
At4g23280,AT4G23280.1,#N/A,AT4G23280.1
At4g23290,AT4G23290.2,#N/A,AT4G23290.2
At4g23300,AT4G23300.1,#N/A,AT4G23300.1
At4g23310,AT4G23310.1,#N/A,AT4G23310.1
At4g23320,AT4G23320.1,#N/A,AT4G23320.1
At4g38830,AT4G38830.1,#N/A,AT4G38830.1
At1g19090,AT1G19090.1,#N/A,AT1G19090.1
At1g70520,AT1G70520.1,#N/A,AT1G70520.1
At1g70530,AT1G70530.1,#N/A,AT1G70530.1
At4g28670,AT4G28670.1,#N/A,AT4G28670.1
At5g40380,AT5G40380.1,#N/A,AT5G40380.1
At1g70740,AT1G70740.1,#N/A,AT1G70740.1
At4g21230,AT4G21230.1,#N/A,AT4G21230.1
At4g11890,AT4G11890.3,#N/A,AT4G11890.3
At1g53730,AT1G53730.1,Athaliana_25289,0
At3g45920,#N/A,#N/A,#N/A
At1g54820,AT1G54820.1,#N/A,AT1G54820.1
At2g20300,AT2G20300.1,#N/A,AT2G20300.1
At3g58690,AT3G58690.1,#N/A,AT3G58690.1
At4g02010,AT4G02010.1,#N/A,AT4G02010.1
At5g56890,AT5G56890.1,#N/A,AT5G56890.1
At1g15530,AT1G15530.1,#N/A,AT1G15530.1
At1g70110,AT1G70110.1,#N/A,AT1G70110.1
At1g70130,AT1G70130.1,#N/A,AT1G70130.1
At2g29220,AT2G29220.1,#N/A,AT2G29220.1
At2g29250,AT2G29250.1,#N/A,AT2G29250.1
At2g32800,AT2G32800.1,#N/A,AT2G32800.1
At2g37710,AT2G37710.1,#N/A,AT2G37710.1
At2g43690,AT2G43690.1,#N/A,AT2G43690.1
At2g43700,AT2G43700.1,#N/A,AT2G43700.1
At3g08870,AT3G08870.1,#N/A,AT3G08870.1
At3g45330,AT3G45330.1,#N/A,AT3G45330.1
At3g45390,AT3G45390.1,#N/A,AT3G45390.1
At3g45410,AT3G45410.1,#N/A,AT3G45410.1
At3g45420,AT3G45420.1,#N/A,AT3G45420.1
At3g45430,AT3G45430.1,#N/A,AT3G45430.1
At3g45440,AT3G45440.1,#N/A,AT3G45440.1
At3g46760,AT3G46760.1,#N/A,AT3G46760.1
At3g53380,AT3G53380.1,#N/A,AT3G53380.1
At3g53810,AT3G53810.1,#N/A,AT3G53810.1
At3g55550,AT3G55550.1,#N/A,AT3G55550.1
At3g59700,AT3G59700.1,#N/A,AT3G59700.1
At3g59730,AT3G59730.1,#N/A,AT3G59730.1
At3g59740,AT3G59740.1,#N/A,AT3G59740.1
At3g59750,AT3G59750.1,#N/A,AT3G59750.1
At4g02410,AT4G02410.1,#N/A,AT4G02410.1
At4g02420,AT4G02420.1,#N/A,AT4G02420.1
At4g04960,AT4G04960.1,#N/A,AT4G04960.1
At4g28350,AT4G28350.1,#N/A,AT4G28350.1
At4g29050,AT4G29050.1,#N/A,AT4G29050.1
At5g01540,AT5G01540.1,#N/A,AT5G01540.1
At5g01550,AT5G01550.1,#N/A,AT5G01550.1
At5g01560,AT5G01560.1,#N/A,AT5G01560.1
At5g03140,AT5G03140.1,#N/A,AT5G03140.1
At5g06740,AT5G06740.1,#N/A,AT5G06740.1
At5g10530,AT5G10530.1,#N/A,AT5G10530.1
At5g42120,AT5G42120.1,#N/A,AT5G42120.1
At5g55830,AT5G55830.1,#N/A,AT5G55830.1
At5g59260,AT5G59260.1,#N/A,AT5G59260.1
At5g59270,AT5G59270.1,#N/A,AT5G59270.1
At5g60270,AT5G60270.1,#N/A,AT5G60270.1
At5g60280,AT5G60280.1,#N/A,AT5G60280.1
At5g60300,AT5G60300.1,#N/A,AT5G60300.1
At5g60310,AT5G60310.1,#N/A,AT5G60310.1
At5g60320,AT5G60320.1,#N/A,AT5G60320.1
At5g65600,AT5G65600.1,#N/A,AT5G65600.1
At1g66910,AT1G66910.1,#N/A,AT1G66910.1
At1g66920,AT1G66920.1,#N/A,AT1G66920.1
At1g66930,AT1G66930.1,#N/A,AT1G66930.1
At1g66980,AT1G66980.1,#N/A,AT1G66980.1
At1g67000,AT1G67000.1,#N/A,AT1G67000.1
At1g70250,AT1G70250.1,#N/A,AT1G70250.1
At4g18250,AT4G18250.1,#N/A,AT4G18250.1
At5g38240,AT5G38240.1,#N/A,AT5G38240.1
At5g38250,AT5G38250.1,#N/A,AT5G38250.1
At5g38260,AT5G38260.1,#N/A,AT5G38260.1
At5g38280,AT5G38280.1,#N/A,AT5G38280.1
At5g39020,AT5G39020.1,#N/A,AT5G39020.1
At5g39030,AT5G39030.1,#N/A,AT5G39030.1
At1g05700,AT1G05700.1,Athaliana_1154,0
At1g07550,AT1G07550.1,Athaliana_27025,0
At1g07560,AT1G07560.1,Athaliana_16558,0
At1g49100,AT1G49100.1,Athaliana_5774,0
At1g51620,AT1G51620.1,#N/A,AT1G51620.1
At1g51790,AT1G51790.1,Athaliana_11327,0
At1g51800,AT1G51800.1,Athaliana_21980,0
At1g51810,AT1G51810.1,Athaliana_2903,0
At1g51820,AT1G51820.1,Athaliana_8090,0
At1g51830,AT1G51830.1,Athaliana_4683,0
At1g51850,AT1G51850.1,Athaliana_18381,0
At1g51860,AT1G51860.1,Athaliana_20225,0
At1g51870,AT1G51870.1,#N/A,AT1G51870.1
At1g51880,AT1G51880.1,#N/A,AT1G51880.1
At1g51890,AT1G51890.1,Athaliana_6201,0
At1g51910,AT1G51910.1,#N/A,AT1G51910.1
At1g62090,#N/A,#N/A,#N/A
At2g04300,AT2G04300.1,Athaliana_22610,0
At2g14440,AT2G14440.1,#N/A,AT2G14440.1
At2g14510,AT2G14510.1,#N/A,AT2G14510.1
At2g19190,AT2G19190.1,Athaliana_25951,0
At2g19210,AT2G19210.1,Athaliana_18002,0
At2g19230,AT2G19230.1,Athaliana_703,0
At2g28960,AT2G28960.1,Athaliana_23406,0
At2g28970,AT2G28970.1,Athaliana_19904,0
At2g28990,AT2G28990.1,#N/A,AT2G28990.1
At2g29000,AT2G29000.1,#N/A,AT2G29000.1
At3g21340,AT3G21340.1,Athaliana_17501,0
At3g46330,AT3G46330.1,Athaliana_15799,0
At3g46340,AT3G46340.1,Athaliana_27310,0
At3g46350,AT3G46350.1,#N/A,AT3G46350.1
At3g46370,AT3G46370.1,Athaliana_693,0
At3g46400,AT3G46400.1,Athaliana_14111,0
At3g46410,AT3G46410.1,#N/A,AT3G46410.1
At3g46420,AT3G46420.1,Athaliana_12311,0
At4g20450,AT4G20450.1,Athaliana_25595,0
At4g29180,AT4G29180.1,Athaliana_1151,0
At4g29450,AT4G29450.1,Athaliana_15096,0
At4g29990,AT4G29990.1,Athaliana_26620,0
At5g16900,AT5G16900.1,Athaliana_11886,0
At5g59650,AT5G59650.1,Athaliana_1492,0
At5g59660,AT5G59660.1,Athaliana_3160,0
At5g59670,AT5G59670.1,Athaliana_26092,0
At5g59680,AT5G59680.1,Athaliana_12980,0
At5g15730,AT5G15730.1,#N/A,AT5G15730.1
At5g54590,AT5G54590.2,#N/A,AT5G54590.2
At1g67720,AT1G67720.1,Athaliana_9343,0
At2g37050,AT2G37050.3,Athaliana_18996,0
At5g48740,AT5G48740.1,Athaliana_20957,0
At1g34210,AT1G34210.1,Athaliana_8052,0
At1g60800,AT1G60800.1,Athaliana_4410,0
At1g71830,AT1G71830.1,Athaliana_12198,0
At2g13790,AT2G13790.1,Athaliana_20554,0
At2g13800,AT2G13800.1,Athaliana_3336,0
At2g23950,AT2G23950.1,Athaliana_8910,0
At3g25560,AT3G25560.2,Athaliana_17417,0
At4g30520,AT4G30520.1,Athaliana_15944,0
At4g33430,AT4G33430.1,Athaliana_20399,0
At5g10290,AT5G10290.1,Athaliana_17332,0
At5g16000,AT5G16000.1,Athaliana_26506,0
At5g45780,AT5G45780.1,Athaliana_26102,0
At5g63710,AT5G63710.1,Athaliana_3150,0
At5g65240,AT5G65240.1,Athaliana_23958,0
At1g10860,#N/A,#N/A,#N/A
At1g25320,AT1G25320.1,Athaliana_5595,0
At1g48480,AT1G48480.1,Athaliana_14114,0
At1g50610,AT1G50610.1,Athaliana_2497,0
At1g60630,AT1G60630.1,Athaliana_8368,0
At1g64210,AT1G64210.1,Athaliana_23505,0
At1g66830,AT1G66830.1,Athaliana_12707,0
At1g67510,AT1G67510.1,Athaliana_11354,0
At1g68400,AT1G68400.1,Athaliana_19134,0
At1g72460,AT1G72460.1,Athaliana_22526,0
At2g01210,AT2G01210.1,Athaliana_24837,0
At2g07040,AT2G07040.1,Athaliana_23398,0
At2g15300,AT2G15300.1,Athaliana_10557,0
At2g23300,AT2G23300.1,Athaliana_8716,0
At2g26730,AT2G26730.1,Athaliana_16521,0
At2g27060,AT2G27060.1,Athaliana_4542,0
At2g36570,AT2G36570.1,Athaliana_10397,0
At2g42290,AT2G42290.1,Athaliana_14179,0
At3g02880,AT3G02880.1,Athaliana_23676,0
At3g08680,AT3G08680.1,Athaliana_7954,0
At3g17840,AT3G17840.1,Athaliana_18192,0
At3g20190,AT3G20190.1,Athaliana_15558,0
At3g24660,AT3G24660.1,Athaliana_3056,0
At3g42880,AT3G42880.1,Athaliana_24988,0
At3g50230,AT3G50230.1,Athaliana_6502,0
At3g51740,AT3G51740.1,Athaliana_26827,0
At3g56100,AT3G56100.1,Athaliana_10438,0
At3g57830,AT3G57830.1,Athaliana_3082,0
At4g20940,AT4G20940.1,Athaliana_23562,0
At4g23740,AT4G23740.1,Athaliana_28,0
At4g31250,AT4G31250.1,Athaliana_17100,0
At4g34220,AT4G34220.1,Athaliana_9969,0
At4g37250,AT4G37250.1,Athaliana_8731,0
At5g05160,AT5G05160.1,Athaliana_23518,0
At5g07620,AT5G07620.1,#N/A,AT5G07620.1
At5g10020,AT5G10020.1,Athaliana_5879,0
At5g16590,AT5G16590.1,Athaliana_6066,0
At5g20690,AT5G20690.1,Athaliana_3450,0
At5g24100,AT5G24100.1,Athaliana_25480,0
At5g35390,AT5G35390.1,Athaliana_6773,0
At5g41680,AT5G41680.1,#N/A,AT5G41680.1
At5g43020,AT5G43020.1,#N/A,AT5G43020.1
At5g53320,AT5G53320.1,Athaliana_25947,0
At5g58300,AT5G58300.1,Athaliana_7906,0
At5g61570,AT5G61570.1,#N/A,AT5G61570.1
At5g67200,AT5G67200.1,Athaliana_3883,0
At5g67280,AT5G67280.1,Athaliana_10152,0
At2g45340,AT2G45340.1,Athaliana_15351,0
At4g22730,AT4G22730.1,Athaliana_10501,0
At5g51560,AT5G51560.1,Athaliana_18045,0
At2g25790,AT2G25790.1,Athaliana_21181,0
At1g24650,AT1G24650.1,Athaliana_14275,0
At1g66150,AT1G66150.1,Athaliana_9254,0
At2g01820,AT2G01820.1,Athaliana_25433,0
At3g23750,AT3G23750.1,Athaliana_7096,0
At1g11140,#N/A,#N/A,#N/A
At1g78980,AT1G78980.1,Athaliana_13964,0
At2g20850,AT2G20850.1,Athaliana_16727,0
At3g13065,AT3G13065.1,Athaliana_6285,0
At3g14350,AT3G14350.1,Athaliana_14084,0
At4g03390,AT4G03390.1,#N/A,AT4G03390.1
At4g22130,AT4G22130.1,Athaliana_16062,0
At5g06820,AT5G06820.1,Athaliana_24106,0
At1g14390,AT1G14390.1,Athaliana_17090,0
At1g63430,AT1G63430.1,Athaliana_24672,0
At2g02780,AT2G02780.1,Athaliana_10837,0
At2g40270,AT2G40270.1,#N/A,AT2G40270.1
At3g03770,AT3G03770.1,Athaliana_11155,0
At3g56050,AT3G56050.1,#N/A,AT3G56050.1
At4g18640,AT4G18640.1,Athaliana_23726,0
At4g20790,#N/A,#N/A,#N/A
At5g07150,AT5G07150.1,#N/A,AT5G07150.1
At5g14210,AT5G14210.1,Athaliana_12654,0
At5g41180,AT5G41180.1,Athaliana_22320,0
At5g45840,AT5G45840.1,Athaliana_15006,0
At5g58540,AT5G58540.1,#N/A,AT5G58540.1
At5g63410,AT5G63410.1,Athaliana_18932,0
At1g12460,AT1G12460.1,Athaliana_7800,0
At1g62950,AT1G62950.1,Athaliana_635,0
At1g75640,AT1G75640.1,Athaliana_16565,0
At3g28040,AT3G28040.1,Athaliana_17401,0
At3g56370,AT3G56370.1,Athaliana_17532,0
At4g36180,AT4G36180.1,Athaliana_397,0
At5g01890,AT5G01890.1,Athaliana_4929,0
At2g24230,AT2G24230.1,Athaliana_23203,0
At5g45800,AT5G45800.1,Athaliana_20725,0
At5g58150,AT5G58150.1,Athaliana_22656,0
At1g06840,AT1G06840.1,Athaliana_25104,0
At1g79620,AT1G79620.1,Athaliana_21758,0
At3g53590,AT3G53590.1,Athaliana_21280,0
At5g01950,AT5G01950.1,Athaliana_18282,0
At5g37450,AT5G37450.1,Athaliana_7656,0
At5g49760,AT5G49760.1,Athaliana_8341,0
At5g49770,AT5G49770.1,Athaliana_11605,0
At5g49780,AT5G49780.1,Athaliana_3380,0
At1g07655,#N/A,#N/A,#N/A
At1g16670,AT1G16670.1,#N/A,AT1G16670.1
At1g29720,AT1G29720.1,Athaliana_22464,0
At1g29730,AT1G29730.1,Athaliana_11046,0
At1g29740,AT1G29740.1,Athaliana_20567,0
At1g29750,AT1G29750.2,Athaliana_9197,0
At1g53420,AT1G53420.1,Athaliana_22128,0
At1g53430,AT1G53430.1,Athaliana_15007,0
At1g53440,AT1G53440.1,Athaliana_8305,0
At1g56120,AT1G56120.1,Athaliana_22197,0
At1g56130,AT1G56130.1,Athaliana_18918,0
At1g56140,AT1G56140.1,Athaliana_8242,0
At3g09010,AT3G09010.1,#N/A,AT3G09010.1
At3g14840,AT3G14840.2,Athaliana_12813,0
At1g27190,AT1G27190.1,Athaliana_24683,0
At1g69990,AT1G69990.1,Athaliana_4959,0
At3g28450,AT3G28450.1,Athaliana_755,0
At5g48380,AT5G48380.1,#N/A,AT5G48380.1
At1g55610,AT1G55610.1,Athaliana_14209,0
At1g72300,AT1G72300.1,Athaliana_25373,0
At1g74360,AT1G74360.1,Athaliana_19154,0
At2g01950,AT2G01950.1,Athaliana_22424,0
At2g02220,AT2G02220.1,Athaliana_16931,0
At3g13380,AT3G13380.1,Athaliana_7832,0
At4g39400,AT4G39400.1,Athaliana_2332,0
At5g07280,AT5G07280.1,Athaliana_5346,0
At5g42440,AT5G42440.1,#N/A,AT5G42440.1
At5g53890,AT5G53890.1,Athaliana_7534,0
At1g34420,AT1G34420.1,Athaliana_10310,0
At2g41820,AT2G41820.1,Athaliana_14521,0
At1g08590,AT1G08590.1,Athaliana_11681,0
At1g09970,AT1G09970.2,Athaliana_23210,0
At1g17230,AT1G17230.1,Athaliana_19656,0
At1g17750,AT1G17750.1,Athaliana_1061,0
At1g28440,AT1G28440.1,Athaliana_12540,0
At1g34110,AT1G34110.1,Athaliana_7010,0
At1g72180,AT1G72180.1,Athaliana_7508,0
At1g73080,AT1G73080.1,Athaliana_21524,0
At1g75820,AT1G75820.1,Athaliana_5273,0
At2g33170,AT2G33170.1,Athaliana_22240,0
At3g19700,AT3G19700.1,Athaliana_19564,0
At3g24240,AT3G24240.1,Athaliana_26488,0
At3g49670,AT3G49670.1,Athaliana_45,0
At4g20140,AT4G20140.1,Athaliana_11017,0
At4g20270,AT4G20270.1,Athaliana_17071,0
At4g26540,AT4G26540.1,Athaliana_3035,0
At4g28490,AT4G28490.1,Athaliana_26354,0
At4g28650,AT4G28650.1,Athaliana_14549,0
At5g44700,AT5G44700.1,Athaliana_6089,0
At5g48940,AT5G48940.1,Athaliana_1373,0
At5g49660,AT5G49660.1,Athaliana_13842,0
At5g56040,AT5G56040.2,Athaliana_24163,0
At5g61480,AT5G61480.1,Athaliana_4710,0
At5g63930,AT5G63930.1,Athaliana_5427,0
At5g65700,AT5G65700.1,Athaliana_21039,0
At5g65710,AT5G65710.1,Athaliana_17508,0
At2g24130,AT2G24130.1,Athaliana_12903,0
At3g47090,AT3G47090.1,Athaliana_26884,0
At3g47110,AT3G47110.1,Athaliana_22401,0
At3g47570,AT3G47570.1,Athaliana_14106,0
At3g47580,AT3G47580.1,Athaliana_9506,0
At5g20480,AT5G20480.1,Athaliana_10269,0
At5g39390,AT5G39390.1,Athaliana_2240,0
At5g46330,AT5G46330.1,Athaliana_24101,0
At1g35710,AT1G35710.1,Athaliana_11517,0
At4g08850,AT4G08850.1,Athaliana_1095,0
At1g31420,AT1G31420.1,Athaliana_3545,0
At1g78530,AT1G78530.1,#N/A,AT1G78530.1
At2g35620,AT2G35620.1,Athaliana_1326,0
At5g62710,AT5G62710.1,Athaliana_9840,0
At2g26330,AT2G26330.1,Athaliana_17937,0
At5g07180,AT5G07180.1,Athaliana_13495,0
At5g62230,AT5G62230.1,Athaliana_11637,0
At2g16250,AT2G16250.1,Athaliana_21042,0
At4g39270,AT4G39270.1,Athaliana_22826,0
At5g51350,AT5G51350.1,Athaliana_27251,0
At1g69270,AT1G69270.1,Athaliana_5889,0
At3g02130,AT3G02130.1,Athaliana_13250,0
At5g25930,AT5G25930.1,Athaliana_1926,0
At1g51940,AT1G51940.1,Athaliana_13615,0
At3g21630,AT3G21630.1,Athaliana_12008,0
At2g23770,AT2G23770.1,Athaliana_8325,0
At2g33580,AT2G33580.1,Athaliana_4684,0
At2g31880,AT2G31880.1,Athaliana_7450,0
At2g46850,AT2G46850.1,#N/A,AT2G46850.1
At3g01840,AT3G01840.1,Athaliana_8439,0
At3g57120,AT3G57120.1,#N/A,AT3G57120.1
At5g06940,AT5G06940.1,Athaliana_596,0
At5g13290,AT5G13290.1,#N/A,AT5G13290.1
At1g10620,AT1G10620.1,#N/A,AT1G10620.1
At1g23540,AT1G23540.1,#N/A,AT1G23540.1
At1g26150,AT1G26150.1,#N/A,AT1G26150.1
At1g49270,AT1G49270.1,#N/A,AT1G49270.1
At1g52290,AT1G52290.1,#N/A,AT1G52290.1
At1g55200,AT1G55200.1,#N/A,AT1G55200.1
At1g68690,AT1G68690.1,#N/A,AT1G68690.1
At1g70450,AT1G70450.1,#N/A,AT1G70450.1
At1g70460,AT1G70460.1,#N/A,AT1G70460.1
At2g18470,AT2G18470.1,#N/A,AT2G18470.1
At3g13690,AT3G13690.1,#N/A,AT3G13690.1
At3g18810,AT3G18810.1,#N/A,AT3G18810.1
At3g24400,#N/A,#N/A,#N/A
At3g24540,AT3G24540.1,#N/A,AT3G24540.1
At3g24550,AT3G24550.1,#N/A,AT3G24550.1
At4g32710,#N/A,#N/A,#N/A
At4g34440,AT4G34440.1,#N/A,AT4G34440.1
At5g38560,AT5G38560.1,#N/A,AT5G38560.1
At5g56790,AT5G56790.1,#N/A,AT5G56790.1
At1g11050,AT1G11050.1,#N/A,AT1G11050.1
At2g48010,AT2G48010.1,#N/A,AT2G48010.1
At1g11300,AT1G11300.1,#N/A,AT1G11300.1
At1g11330,AT1G11330.1,#N/A,AT1G11330.1
At1g11340,AT1G11340.1,#N/A,AT1G11340.1
At1g11350,AT1G11350.1,#N/A,AT1G11350.1
At1g11410,AT1G11410.1,#N/A,AT1G11410.1
At1g61610,AT1G61610.1,#N/A,AT1G61610.1
At1g65790,AT1G65790.1,#N/A,AT1G65790.1
At1g65800,AT1G65800.1,#N/A,AT1G65800.1
At4g03230,AT4G03230.1,#N/A,AT4G03230.1
At4g21370,#N/A,#N/A,#N/A
At4g21380,AT4G21380.1,#N/A,AT4G21380.1
At4g21390,AT4G21390.1,#N/A,AT4G21390.1
At4g27290,AT4G27290.1,#N/A,AT4G27290.1
At4g27300,AT4G27300.1,#N/A,AT4G27300.1
At1g11280,AT1G11280.1,#N/A,AT1G11280.1
At1g61360,AT1G61360.1,#N/A,AT1G61360.1
At1g61370,AT1G61370.1,#N/A,AT1G61370.1
At1g61380,AT1G61380.1,#N/A,AT1G61380.1
At1g61390,AT1G61390.1,#N/A,AT1G61390.1
At1g61400,AT1G61400.1,#N/A,AT1G61400.1
At1g61420,AT1G61420.1,#N/A,AT1G61420.1
At1g61430,AT1G61430.1,#N/A,AT1G61430.1
At1g61440,AT1G61440.1,#N/A,AT1G61440.1
At1g61460,AT1G61460.1,#N/A,AT1G61460.1
At1g61480,AT1G61480.1,#N/A,AT1G61480.1
At1g61490,AT1G61490.1,#N/A,AT1G61490.1
At1g61500,AT1G61500.1,#N/A,AT1G61500.1
At1g61550,AT1G61550.1,#N/A,AT1G61550.1
At1g67520,AT1G67520.1,#N/A,AT1G67520.1
At3g16030,AT3G16030.1,#N/A,AT3G16030.1
At4g11900,AT4G11900.1,#N/A,AT4G11900.1
At1g34300,AT1G34300.1,#N/A,AT1G34300.1
At2g19130,AT2G19130.1,#N/A,AT2G19130.1
At4g00340,AT4G00340.1,#N/A,AT4G00340.1
At4g32300,AT4G32300.1,#N/A,AT4G32300.1
At5g24080,AT5G24080.1,#N/A,AT5G24080.1
At5g35370,AT5G35370.1,#N/A,AT5G35370.1
At5g60900,AT5G60900.1,#N/A,AT5G60900.1
At2g41890,#N/A,#N/A,#N/A
At1g49730,AT1G49730.1,#N/A,AT1G49730.1
At3g19300,AT3G19300.1,#N/A,AT3G19300.1
At1g16110,AT1G16110.1,#N/A,AT1G16110.1
At1g16120,AT1G16120.1,#N/A,AT1G16120.1
At1g16130,AT1G16130.1,#N/A,AT1G16130.1
At1g16140,#N/A,#N/A,#N/A
At1g16150,AT1G16150.1,#N/A,AT1G16150.1
At1g16160,AT1G16160.1,#N/A,AT1G16160.1
At1g16260,AT1G16260.1,#N/A,AT1G16260.1
At1g17910,AT1G17910.1,#N/A,AT1G17910.1
At1g19390,AT1G19390.1,#N/A,AT1G19390.1
At1g21210,AT1G21210.1,#N/A,AT1G21210.1
At1g21230,AT1G21230.1,#N/A,AT1G21230.1
At1g21240,AT1G21240.1,#N/A,AT1G21240.1
At1g21250,AT1G21250.1,#N/A,AT1G21250.1
At1g21270,AT1G21270.1,#N/A,AT1G21270.1
At1g69730,AT1G69730.1,#N/A,AT1G69730.1
At1g79670,AT1G79670.1,#N/A,AT1G79670.1
At1g79680,AT1G79680.1,#N/A,AT1G79680.1
At3g25490,AT3G25490.1,#N/A,AT3G25490.1
At3g53840,AT3G53840.1,#N/A,AT3G53840.1
At4g31100,AT4G31100.1,#N/A,AT4G31100.1
At4g31110,AT4G31110.1,#N/A,AT4G31110.1
At5g02070,AT5G02070.1,#N/A,AT5G02070.1
At1g18390,AT1G18390.1,#N/A,AT1G18390.1
At1g25390,AT1G25390.1,#N/A,AT1G25390.1
At1g66880,AT1G66880.1,#N/A,AT1G66880.1
At1g69910,AT1G69910.1,#N/A,AT1G69910.1
At2g23450,AT2G23450.1,#N/A,AT2G23450.1
At5g38210,AT5G38210.1,#N/A,AT5G38210.1
At5g66790,AT5G66790.1,#N/A,AT5G66790.1
AT1G07390,At1g07390.1,Athaliana_22658,0
AT1G17240,At1g17240.1,Athaliana_23484,0
AT1G17250,At1g17250.1,Athaliana_12128,0
AT1G45616,At1g45616.1,Athaliana_22962,0
AT1G47890,At1g47890.1,Athaliana_18594,0
AT1G54470,#N/A,#N/A,#N/A
AT1G58190,At1g58190.1,Athaliana_17962,0
AT1G65380,At1g65380.1,Athaliana_16755,0
AT1G71390,At1g71390.1,Athaliana_7328,0
AT1G71400,At1g71400.1,Athaliana_6334,0
AT1G74170,At1g74170.1,Athaliana_7179,0
AT1G74180,At1g74180.1,Athaliana_10823,0
AT1G74190,At1g74190.1,Athaliana_27415,0
AT2G15080,At2g15080.1,Athaliana_975,0
AT2G25440,At2g25440.1,Athaliana_11448,0
AT2G25470,At2g25470.1,Athaliana_21876,0
AT2G32660,AT2G32660.2,#N/A,AT2G32660.2
AT2G32680,At2g32680.1,Athaliana_24386,0
AT2G33020,At2g33020.1,Athaliana_5437,0
AT2G33050,At2g33050.1,Athaliana_10594,0
AT2G33060,At2g33060.1,Athaliana_24412,0
AT2G33080,At2g33080.1,#N/A,At2g33080.1
AT3G05360,At3g05360.1,Athaliana_15082,0
AT3G05370,At3g05370.1,Athaliana_3797,0
AT3G05650,At3g05650.1,Athaliana_11553,0
AT3G05660,At3g05660.1,Athaliana_2806,0
AT3G11010,At3g11010.1,Athaliana_16595,0
AT3G11080,At3g11080.1,Athaliana_16741,0
AT3G23010,At3g23010.1,Athaliana_9410,0
AT3G23110,At3g23110.1,Athaliana_27168,0
AT3G23120,At3g23120.1,Athaliana_553,0
AT3G24900,At3g24900.1,Athaliana_15336,0
AT3G24982,AT3G24982.1,Athaliana_18887,0
AT3G25010,At3g25010.1,Athaliana_20290,0
AT3G25020,At3g25020.1,#N/A,At3g25020.1
AT3G28890,At3g28890.1,Athaliana_1458,0
AT3G53240,At3g53240.1,Athaliana_6311,0
AT4G04220,At4g04220.1,#N/A,At4g04220.1
AT4G13810,At4g13810.1,Athaliana_16839,0
AT4G13880,At4g13880.1,Athaliana_7487,0
AT4G13920,At4g13920.1,Athaliana_7848,0
AT5G25910,At5g25910.1,Athaliana_15654,0
AT5G27060,At5g27060.1,Athaliana_845,0
AT5G40170,At5g40170.1,Athaliana_24655,0
AT5G49290,At5g49290.1,Athaliana_2202,0
AT1G07650,#N/A,Athaliana_18462,0
AT1G10850,#N/A,Athaliana_24348,0
AT1G11130,#N/A,Athaliana_18698,0
AT1G28340,At1g28340.1,Athaliana_14140,0
AT1G34290,#N/A,Athaliana_3745,0
AT1G51805,#N/A,Athaliana_18849,0
AT1G56145,#N/A,Athaliana_26863,0
AT1G80080,At1g80080.1,Athaliana_3418,0
AT2G41140,AT2G41140.1,#N/A,AT2G41140.1
AT2G42800,At2g42800.1,#N/A,At2g42800.1
AT3G49750,At3g49750.1,Athaliana_14999,0
AT4G13900,At4g13900.1,#N/A,At4g13900.1
AT4G18760,At4g18760.1,Athaliana_19768,0
AT4G23230,AT4G23230.1,#N/A,AT4G23230.1
AT5G65830,At5g65830.1,Athaliana_7254,0