Tree_order,Gene,Protein,Protein_name,Type,Class,Sequence,Signal_peptide,ECD_start,ECD_end,TM,Cytoplasm,MW_ECD,MW_(ECD+FC),Tree,Cloning,AddGene,Batch,Expression,Size
1,AT2G23450,AT2G23450.1,WAKL14,RLK,WAKL,Y,42,43,293,294-305,306-708,27.1,56.9,Y,,,,,
2,AT2G48010,AT2G48010.1,RKF3,RLK,RKF3,Y,20,21,212,213-233,234-617,20.5,50.3,Y,X303,,#4,4,O
3,AT4G02010,AT4G02010.1,,RLK,Extensin,Y,41,42,306,307-327,328-725,28.6,58.4,Y,X272,,#5,5,O
4,AT1G30570,AT1G30570.1,HERK2,RLK,CrRLK1L-1,Y,26,27,429,430-453,454-849,44.2,74,Y,F11,,#16,0,X
5,AT5G38260,AT5G38260.1,,RLK,LRK10L-2,Y,29,30,262,263-285,286-638,26.1,55.9,Y,X291,,#5,4,O
6,AT5G60900,AT5G60900.1,RLK1,RLK,SD-2b,Y,24,25,434,435-444,445-748,45.8,75.6,Y,I06,,#8,2,O
7,AT1G19090,AT1G19090.1,CRK1/RKF2,RLK,DUF26,Y,25,26,266,267-287,288-600,27.3,57.1,Y,,,,,
8,AT5G42120,AT5G42120.1,LECRK-S.6,RLK,L-LEC,Y,25,26,310,311-331,332-691,31.5,61.3,Y,X259,,#5,0,O
9,AT5G65600,AT5G65600.1,LECRK-IX.2,RLK,L-LEC,Y,35,36,283,284-306,307-675,27.2,57,Y,X261,,#6,1,O
10,AT5G10530,AT5G10530.1,LECRK-IX.1,RLK,L-LEC,Y,19,20,268,269-291,292-651,27.4,57.2,Y,X260,,#5,2,O
11,AT2G29220,AT2G29220.1,LECRK-III.1,RLK,L-LEC,Y,23,24,305,306-326,327-627,30.3,60.1,Y,X264,,#4,5,O
12,AT2G29250,AT2G29250.1,LECRK-III.2,RLK,L-LEC,Y,23,24,303,304-324,325-623,30.1,59.9,Y,X263,,#6,4,O
13,AT5G59260,AT5G59260.1,LECRK-II.1,RLK,L-LEC,Y,24,25,301,302-322,323-674,30.3,60.1,Y,,,,,
14,AT3G45420,AT3G45420.1,LECRK-I.4,RLK,L-LEC,Y,22,23,294,295-315,316-667,30,59.8,Y,X244,,#4,4,O
15,AT3G45410,AT3G45410.1,LECRK-I.3,RLK,L-LEC,Y,22,23,286,287-307,308-664,29.1,58.9,Y,X243,,#4,4,O
16,AT3G45430,AT3G45430.1,LECRK-I.5/P2K2,RLK,L-LEC,Y,22,23,287,288-308,309-674,29.1,58.9,Y,X247,,#4,4,O
17,AT5G60310,AT5G60310.1,LECRK-I.10,RLK,L-LEC,Y,22,23,287,288-309,310-616,29.3,59.1,Y,X249,,#6,5,O
18,AT5G60300,AT5G60300.1,LECRK-I.9/P2K1,RLK,L-LEC,Y,21,22,288,289-309,310-718,29.4,59.2,Y,X248,,#5,5,O
19,AT3G45440,AT3G45440.1,LECRK-I.6,RLK,L-LEC,Y,21,22,288,289-309,310-669,29,58.8,Y,X245,,#4,4,O
20,AT4G28350,AT4G28350.1,LECRK-VII.2,RLK,L-LEC,Y,23,24,277,278-287,288-649,27.5,57.3,Y,X254,,#5,5,O
21,AT4G04960,AT4G04960.1,LECRK-VII.1,RLK,L-LEC,Y,20,21,285,286-310,311-686,29,58.8,Y,X255,,#5,4,O
22,AT4G29050,AT4G29050.1,LECRK-V.9,RLK,L-LEC,Y,21,22,286,287-310,311-669,29.4,59.2,Y,X228,,#7,3,O
23,AT5G60280,AT5G60280.1,LECRK-I.8,RLK,L-LEC,Y,23,24,284,285-305,306-657,28.3,58.1,Y,X246,,#5,3,O
24,AT5G60320,AT5G60320.1,LECRK-I.11,RLK,L-LEC,Y,22,23,293,294-314,315-675,29.5,59.3,Y,X242,,#6,5,O
25,AT3G45330,AT3G45330.1,LECRK-I.1,RLK,L-LEC,Y,25,26,293,294-314,315-682,29.2,59.1,Y,X240,,#4,1,O
26,AT1G70110,AT1G70110.1,LECRK-V.1,RLK,L-LEC,Y,18,19,289,290-311,312-666,30.3,60.1,Y,X229,,#7,5,O
27,AT4G02410,AT4G02410.1,LECRK-IV.3/LPK1,RLK,L-LEC,Y,24,25,298,299-321,322-674,30.4,60.3,Y,X232,,#7,4,O
28,AT2G37710,AT2G37710.1,LECRK-IV.1,RLK,L-LEC,Y,22,23,291,292-312,313-675,29.6,59.5,Y,X230,,#7,5,O
29,AT3G53810,AT3G53810.1,LECRK-IV.2,RLK,L-LEC,Y,22,23,291,292-312,313-677,30,59.8,Y,,,,,
30,AT4G02420,AT4G02420.1,LECRK-IV.4,RLK,L-LEC,Y,23,24,294,295-315,316-669,30.2,60,Y,X233,,#5,3,O
31,AT3G55550,AT3G55550.1,LECRK-S.4,RLK,L-LEC,Y,21,22,292,293-313,314-684,29.7,59.5,Y,X234,,#5,4,O
32,AT3G08870,AT3G08870.1,LECRK-VI.1,RLK,L-LEC,Y,29,30,311,312-333,334-693,31.5,61.3,Y,X239,,#4,3,O
33,AT5G01550,AT5G01550.1,LECRK-VI.3/LECRKA4.2,RLK,L-LEC,Y,14,15,306,307-327,328-688,32,61.8,Y,X236,,#5,5,O
34,AT5G01540,AT5G01540.1,LECRK-VI.2/LECRKA4.1,RLK,L-LEC,Y,26,27,309,310-333,334-682,31.4,61.2,Y,X238,,#5,5,O
35,AT5G01560,AT5G01560.1,LECRK-VI.4/LECRKA4.3,RLK,L-LEC,Y,24,25,308,309-329,330-691,31.2,61,Y,X237,,#5,4,O
36,AT5G55830,AT5G55830.1,LECRK-S.7,RLK,L-LEC,Y,28,29,307,308-328,329-681,30.8,60.6,Y,X258,,#5,5,O
37,AT3G53380,AT3G53380.1,LECRK-VIII.1,RLK,L-LEC,Y,21,22,320,321-339,340-715,31.3,61.1,Y,X256,,#5,5,O
38,AT5G03140,AT5G03140.1,LECRK-VIII.2,RLK,L-LEC,Y,30,31,318,319-338,339-711,30.4,60.2,Y,X257,,#5,5,O
39,AT2G43690,AT2G43690.1,LECRK-V.3,RLK,L-LEC,Y,26,27,278,279-301,302-664,27.9,57.7,Y,X226,,#7,4,O
40,AT3G59730,AT3G59730.1,LECRK-V.6,RLK,L-LEC,Y,27,28,277,278-300,301-523,28,57.8,Y,X224,,#7,5,O
41,AT3G59740,AT3G59740.1,LECRK-V.7,RLK,L-LEC,Y,25,26,277,278-300,301-659,27.7,57.6,Y,X221,,#7,5,O
42,AT2G43700,AT2G43700.1,LECRK-V.4,RLK,L-LEC,Y,25,26,279,280-300,301-658,28.1,57.9,Y,X225,,#7,1,O
43,AT3G59750,AT3G59750.1,LECRK-V.8,RLK,L-LEC,Y,21,22,245,246-268,269-626,24.8,54.6,Y,X222,,#7,5,O
44,AT3G59700,AT3G59700.1,LECRK-V.5/LECRK1,RLK,L-LEC,Y,25,26,280,281-303,304-661,28,57.8,Y,X223,,#7,5,O
45,AT1G70130,AT1G70130.1,LECRK-V.2,RLK,L-LEC,Y,23,24,276,277-301,302-656,27.6,57.4,Y,X227,,#7,5,O
46,AT5G60270,AT5G60270.1,LECRK-I.7,RLK,L-LEC,Y,21,22,288,289-307,308-668,29,58.8,Y,X250,,#5,4,O
47,AT3G45390,AT3G45390.1,LECRK-I.2,RLK,L-LEC,Y,24,25,296,297-317,318-604,29.9,59.7,Y,X241,,#4,1,O
48,AT2G46850,AT2G46850.1,,RLK,WAKL,Y,30,31,283,284-304,305-633,28,57.8,Y,X266,,#4,4,O
49,AT3G53840,AT3G53840.1,,RLK,WAKL,Y,25,26,284,285-303,304-639,29,58.8,Y,,,,,
50,AT5G02070,AT5G02070.1,,RLK,WAKL,Y,28,29,293,294-314,315-657,28.4,58.2,Y,,,,,
51,AT4G32300,AT4G32300.1,SD2-5,RLK,SD-2b,Y,21,22,429,430-450,451-821,43.5,73.3,Y,X218,,#7,4,O
52,AT5G66790,AT5G66790.1,,RLK,WAKL,Y,21,22,248,249-269,270-622,25,54.8,Y,,,,,
53,AT3G55950,AT3G55950.1,CCR3,RLK,CR4L,Y,30,31,395,396-416,417-814,38.4,68.2,Y,H05,,#11,5,O
54,AT5G47850,AT5G47850.1,CCR4,RLK,CR4L,Y,31,32,366,367-387,388-751,37.2,67,Y,H04,,#11,4,O
55,AT5G35370,AT5G35370.1,,RLK,SD-2b,Y,23,24,444,445-465,466-872,45.6,75.4,Y,X220,,#7,0,X
56,AT4G11900,AT4G11900.1,,RLK,SD1,Y,26,27,470,471-490,491-849,49.8,79.6,Y,X213,,#7,0,O
57,AT4G00340,AT4G00340.1,RLK4/SD-RLK28,RLK,SD-2b,Y,22,23,422,423-446,447-818,45,74.8,Y,X215,,#7,5,O
58,AT2G19130,AT2G19130.1,,RLK,SD-2b,Y,22,23,439,440-463,464-828,46.8,76.6,Y,X216,,#7,1,O
59,AT1G11410,AT1G11410.1,,RLK,SD1,Y,21,22,441,442-462,463-845,47.5,77.3,Y,X187,,#11,4,O
60,AT1G11340,AT1G11340.1,,RLK,SD1,Y,0,82,506,507-529,530-901,48.5,78.3,Y,X186,,#7,1,O
61,AT1G61610,AT1G61610.1,,RLK,SD1,Y,26,27,443,444-465,466-842,47.2,77,Y,X196,,#11,5,O
62,AT4G21390,AT4G21390.1,B120,RLK,SD1,Y,25,26,438,439-459,460-849,46.4,76.2,Y,X195,,#11,5,O
63,AT1G11300,AT1G11300.1,EGM1,RLK,SD1,Y,26,852,1266,1267-1287,1288-1650,46.5,76.3,Y,X192,,#11,2,O
64,AT1G11350,AT1G11350.1,CBRLK1/SD1-13/RKS2,RLK,SD1,Y,21,22,434,435-457,458-830,46.4,76.2,Y,X194,,#11,2,O
65,AT1G11330,AT1G11330.1,RDA2/SD1-13,RLK,SD1,Y,29,30,446,447-467,468-840,46.4,76.3,Y,X193,,#11,3,O
66,AT1G61370,AT1G61370.1,,RLK,SD1,Y,25,26,433,434-454,455-814,45.1,74.9,Y,X208,,#7,4,O
67,AT1G61360,AT1G61360.1,,RLK,SD1,Y,20,21,427,428-450,451-821,44.8,74.6,Y,X211,,#7,4,O
68,AT1G61380,AT1G61380.1,LORE/SD1-29,RLK,SD1,Y,21,22,428,429-451,452-805,44.8,74.6,Y,X210,,#7,3,O
69,AT1G61390,AT1G61390.1,,RLK,SD1,Y,42,43,449,450-470,471-831,45,74.8,Y,X204,,#7,3,O
70,AT1G11280,AT1G11280.1,,RLK,SD1,Y,38,39,444,445-465,466-830,44.8,74.6,Y,,,,,
71,AT1G61480,AT1G61480.1,,RLK,SD1,Y,24,25,425,426-448,449-809,44.6,74.4,Y,X202,,#7,4,O
72,AT1G61550,AT1G61550.1,ERN1,RLK,SD1,Y,19,20,421,422-442,443-802,44.2,74,Y,X203,,#7,3,O
73,AT1G61500,AT1G61500.1,,RLK,SD1,Y,25,26,427,428-448,449-804,44.7,74.5,Y,X200,,#7,0,X
74,AT1G61420,AT1G61420.1,,RLK,SD1,Y,24,25,426,427-448,449-807,44.4,74.2,Y,X201,,#7,1,O
75,AT1G61490,AT1G61490.1,,RLK,SD1,Y,24,25,425,426-448,449-804,44.2,74,Y,X199,,#7,3,O
76,AT1G61430,AT1G61430.1,,RLK,SD1,Y,24,25,425,426-446,447-806,44.3,74.1,Y,X205,,#7,2,O
77,AT1G61400,AT1G61400.1,,RLK,SD1,Y,34,35,436,437-457,458-819,44.4,74.2,Y,X206,,#7,2,O
78,AT1G61440,AT1G61440.1,,RLK,SD1,Y,17,18,419,420-440,441-792,44.8,74.6,Y,X207,,#7,1,O
79,AT1G61460,AT1G61460.1,,RLK,SD1,Y,0,1,241,242-262,263-598,27.1,56.9,Y,X212,,#7,3,O
80,AT4G27290,AT4G27290.1,,RLK,SD1,Y,23,24,500,501-510,511-783,53.7,83.5,Y,,,,,
81,AT4G21380,AT4G21380.1,ARK3/RK3,RLK,SD1,Y,28,29,441,442-462,463-850,46.4,76.2,Y,X190,,#11,2,O
82,AT1G65800,AT1G65800.1,ARK2/RK2,RLK,SD1,Y,27,28,439,440-460,461-847,46.4,76.2,Y,X188,,#11,1,O
83,AT1G65790,AT1G65790.1,ARK1/RK1,RLK,SD1,Y,27,28,435,436-456,457-843,46.5,76.3,Y,X189,,#7,5,O
84,AT4G27300,AT4G27300.1,,RLK,SD1,Y,22,23,438,439-459,460-815,46.8,76.6,Y,X183,,#7,0,X
85,AT3G09780,AT3G09780.1,CRR1,RLK,CR4L,Y,23,24,438,439-460,461-775,44.1,73.9,Y,H03,,#11,2,O
86,AT2G39180,AT2G39180.1,CRR2,RLK,CR4L,Y,22,23,431,432-453,454-776,44.5,74.3,Y,H02,,#11,1,O
87,AT4G03230,AT4G03230.1,,RLK,SD1,Y,19,20,605,606-629,630-1010,65.9,95.7,Y,X185,,#11,1,O
88,AT1G67520,AT1G67520.1,,RLK,SD1,Y,22,23,401,402-411,412-587,43.2,73,Y,,,,,
89,AT3G16030,AT3G16030.1,CES101/RFO3,RLK,SD1,Y,22,23,423,424-444,445-850,45.3,75.1,Y,X198,,#11,0,X
90,AT1G16260,AT1G16260.1,WAKL8,RLK,WAK,Y,23,24,315,316-336,337-720,32.7,62.5,Y,X126,,#15,5,O
91,AT1G17910,AT1G17910.1,,RLK,WAK,Y,22,23,379,380-400,401-764,38.7,68.5,Y,X123,,#7,5,O
92,AT1G16120,AT1G16120.1,WAKL14,RLK,WAK,Y,25,26,355,356-376,377-730,35.6,65.4,Y,X115,,#3,4,O
93,AT1G16160,AT1G16160.1,WAKL5,RLK,WAK,Y,0,1,335,336-361,362-711,35.7,65.5,Y,X116,,#3,4,O
94,AT1G16130,AT1G16130.1,WAKL2,RLK,WAK,Y,27,28,341,342-362,363-748,34.2,64,Y,X118,,#3,5,O
95,AT1G16150,AT1G16150.1,WAKL4,RLK,WAK,Y,26,27,371,372-388,389-779,37.7,67.5,Y,X119,,#3,4,O
96,AT1G79670,AT1G79670.1,WAKL22/RFO1,RLK,WAK,Y,27,28,346,347-368,369-751,34.2,64,Y,H06,,#3,4,O
97,AT1G69730,AT1G69730.1,,RLK,WAK,Y,24,25,372,373-393,394-792,38.5,68.4,Y,X124,,#15,3,O
98,AT1G79680,AT1G79680.1,,RLK,WAK,Y,24,25,358,359-379,380-769,36.5,66.3,Y,X125,,#3,5,O
99,AT4G31110,AT4G31110.1,,RLK,WAK,Y,26,27,378,379-399,400-793,38.6,68.4,Y,X121,,#15,5,O
100,AT1G19390,AT1G19390.1,WAKL11,RLK,WAK,Y,27,28,384,385-397,398-788,38.6,68.4,Y,X122,,#15,5,O
101,AT4G31100,AT4G31100.1,,RLK,WAK,Y,30,31,369,370-390,391-786,36.8,66.6,Y,X120,,#15,5,O
102,AT1G16110,AT1G16110.1,WAKL6,RLK,WAK,Y,28,29,361,362-382,383-642,36.1,65.9,Y,X117,,#3,4,O
103,AT1G21210,AT1G21210.1,WAK4,RLK,WAK,Y,22,23,335,336-356,357-738,34.4,64.2,Y,H07,,#3,5,O
104,AT1G21270,AT1G21270.1,WAK2,RLK,WAK,Y,23,24,331,332-350,351-732,34.4,64.2,Y,H08,,#3,4,O
105,AT1G21240,AT1G21240.1,WAK3,RLK,WAK,Y,23,24,342,343-361,362-741,35.4,65.2,Y,H09,,#3,4,O
106,AT1G21250,AT1G21250.1,WAK1/PRO25,RLK,WAK,Y,24,25,336,337-355,356-735,34.4,64.2,Y,H10,,#3,5,O
107,AT1G21230,AT1G21230.1,WAK5,RLK,WAK,Y,23,24,335,336-354,355-733,34.7,64.5,Y,X127,,#3,5,O
108,AT1G11050,AT1G11050.1,,RLK,RKF3,Y,20,21,233,234-252,253-625,22.9,52.7,Y,X302,,#4,4,O
109,AT1G52310,AT1G52310.1,,RLK,C-LEC,Y,32,33,201,202-222,223-552,18.7,48.5,Y,X269,,#4,5,O
110,AT2G21480,AT2G21480.1,BUPS2,RLK,CrRLK1L-1,Y,39,40,440,441-461,462-871,44,73.8,Y,F08,,#7,5,O
111,AT4G39110,AT4G39110.1,BUPS1/PIR1,RLK,CrRLK1L-1,Y,40,41,440,441-461,462-878,43.8,73.6,Y,F09,,#7,5,O
112,AT1G67000,AT1G67000.1,,RLK,LRK10L-2,Y,26,27,496,497-514,515-892,52.5,82.3,Y,X298,,#5,3,O
113,AT1G25390,AT1G25390.1,LRK10L4,RLK,WAKL,Y,19,20,224,225-245,246-629,22.9,52.7,Y,X286,,#4,5,O
114,AT1G66930,AT1G66930.1,LRK10L2,RLK,LRK10L-2,Y,0,1,282,283-304,305-674,31.3,61.1,Y,X297,,#4,4,O
115,AT1G66910,AT1G66910.1,,RLK,LRK10L-2,Y,30,31,283,284-299,300-666,28,57.8,Y,X295,,#4,4,O
116,AT1G67720,AT1G67720.1,,RLK,LRR-I,Y,21,22,531,532-553,554-929,57.8,87.6,Y,M07,114945,#19,3,O
117,AT2G37050,AT2G37050.3,SIMP1,RLK,LRR-I,Y,23,24,530,531-552,553-934,56.2,86.1,Y,N03,114952,#19,2,O
118,AT1G51790,AT1G51790.2,,RLK,LRR-I,Y,23,24,520,521-541,542-934,55.4,85.2,Y,M01,114941,#20,5,O
119,AT1G51800,AT1G51800.1,IOS1,RLK,LRR-I,Y,23,24,514,515-535,536-894,54.8,84.6,Y,A01,114936,#18,5,O
120,AT1G51910,AT1G51910.1,,RLK,LRR-I,Y,23,24,510,511-531,532-876,55.1,84.9,Y,X322,,#6,3,O
121,AT1G51880,AT1G51880.1,RHS6,RLK,LRR-I,Y,23,24,521,522-542,543-880,55.8,85.6,Y,X323,,#7,4,O
122,AT1G51890,AT1G51890.2,,RLK,LRR-I,Y,19,20,500,501-521,522-898,54.3,84.2,Y,M05,,#20,2,O
123,AT1G51860,AT1G51860.1,,RLK,LRR-I,Y,23,24,513,514-534,535-890,54.9,84.7,Y,X324,,#7,5,O
124,AT1G51870,AT1G51870.1,,RLK,LRR-I,Y,23,24,462,463-483,484-837,49.2,79,Y,,,,,
125,AT4G29180,AT4G29180.2,RHS16,RLK,LRR-I,Y,22,23,509,510-530,531-913,54.6,84.4,Y,N12,114960,#20,5,O
126,AT4G29450,AT4G29450.1,,RLK,LRR-I,Y,21,22,515,516-536,537-863,55.7,85.5,Y,O01,114961,#21,5,O
127,AT1G05700,AT1G05700.2,,RLK,LRR-I,Y,25,26,509,510-531,532-883,53.7,83.5,Y,L09,114937,#3,2,O
128,AT2G19190,AT2G19190.1,FRK1,RLK,LRR-I,Y,24,25,517,518-538,539-876,55.7,85.5,Y,M10,114947,#10,4,O
129,AT4G29990,AT4G29990.1,,RLK,LRR-I,Y,21,22,512,513-533,534-876,55.9,85.7,Y,X314,,#6,1,X
130,AT2G19210,AT2G19210.1,,RLK,LRR-I,Y,25,26,519,520-540,541-881,56.2,86,Y,,,,,
131,AT2G19230,AT2G19230.1,,RLK,LRR-I,Y,24,25,517,518-538,539-1025,56.4,86.2,Y,M11,114949,#20,2,O
132,AT5G59650,AT5G59650.2,,RLK,LRR-I,Y,23,24,520,521-541,542-892,55.7,85.5,Y,O04,114964,#19,5,O
133,AT1G07560,AT1G07560.1,,RLK,LRR-I,Y,24,25,510,511-536,537-871,54,83.8,Y,L11,114939,#18,4,O
134,AT4G20450,AT4G20450.1,,RLK,LRR-I,Y,24,25,538,539-559,560-898,58.1,88,Y,N11,114959,#19,4,O
135,AT2G28960,AT2G28960.2,,RLK,LRR-I,Y,24,25,508,509-530,531-880,54.8,84.6,Y,M12,114950,#19,5,O
136,AT2G29000,AT2G29000.1,,RLK,LRR-I,Y,24,25,506,507-527,528-872,54.7,84.5,Y,X317,,#6,0,X
137,AT3G46350,AT3G46350.1,,RLK,LRR-I,Y,24,25,491,492-514,515-871,52.8,82.6,Y,N07,114956,#20,5,O
138,AT3G46340,AT3G46340.1,,RLK,LRR-I,Y,25,26,514,515-535,536-889,54.9,84.7,Y,N06,114955,#20,5,O
139,AT3G46420,AT3G46420.1,,RLK,LRR-I,Y,23,24,509,510-525,526-838,54.5,84.3,Y,N10,114958,#20,5,O
140,AT3G46400,AT3G46400.1,,RLK,LRR-I,Y,24,25,508,509-531,532-883,54.4,84.2,Y,X315,,#6,0,O
141,AT3G46330,AT3G46330.1,MEE39,RLK,LRR-I,Y,25,26,513,514-534,535-878,54.9,84.7,Y,N05,114954,#20,5,O
142,AT1G07550,AT1G07550.1,,RLK,LRR-I,Y,23,24,507,508-528,529-864,54.6,84.4,Y,L10,114938,#18,0,X
143,AT2G14510,AT2G14510.1,,RLK,LRR-I,Y,23,24,510,511-531,532-868,54.8,84.6,Y,,,,,
144,AT2G14440,AT2G14440.1,,RLK,LRR-I,Y,23,24,528,529-549,550-886,56.8,86.6,Y,X319,,#6,3,O
145,AT5G59660,AT5G59660.3,,RLK,LRR-I,Y,35,36,450,451-471,472-855,45.8,75.6,Y,X308,,#6,3,O
146,AT5G59670,AT5G59670.2,,RLK,LRR-I,Y,22,23,502,503-522,523-868,54,83.8,Y,O06,114965,#22,3,O
147,AT5G59680,AT5G59680.1,,RLK,LRR-I,Y,23,24,510,511-531,532-887,54.2,84,Y,O07,,#19,5,O
148,AT5G16900,AT5G16900.3,,RLK,LRR-I,Y,20,21,514,515-535,536-866,55.5,85.3,Y,O02,114962,#19,2,O
149,AT1G49100,AT1G49100.1,,RLK,LRR-I,Y,24,25,517,518-539,540-888,54.4,84.2,Y,L12,114940,#20,5,O
150,AT3G21340,AT3G21340.1,,RLK,LRR-I,Y,27,28,519,520-542,543-899,54.7,84.5,Y,N04,114953,#20,5,O
151,AT2G04300,AT2G04300.2,,RLK,LRR-I,Y,26,27,523,524-544,545-892,55.3,85.2,Y,X320,,#6,3,O
152,AT1G51805,AT1G51805.1,SIF3,RLK,LRR-I,Y,20,21,508,509-529,530-884,54,83.9,Y,X327,,#7,5,O
153,AT1G51850,AT1G51850.2,SIF2,RLK,LRR-I,Y,20,21,509,510-530,531-885,54.3,84.1,Y,X325,,#7,5,O
154,AT1G51820,AT1G51820.1,SIF4,RLK,LRR-I,Y,20,21,509,510-530,531-885,53.9,83.7,Y,M03,114943,#18,5,O
155,AT2G28970,AT2G28970.1,,RLK,LRR-I,Y,19,20,411,412-432,433-786,43.7,73.5,Y,X318,,#6,3,O
156,AT2G28990,AT2G28990.1,,RLK,LRR-I,Y,19,20,506,507-529,530-884,54.5,84.3,Y,N01,114951,#19,5,O
157,AT1G51810,AT1G51810.1,,RLK,LRR-I,Y,0,1,385,386-406,407-744,43.2,73,Y,M02,114942,#18,4,O
158,AT3G46370,AT3G46370.2,,RLK,LRR-I,Y,0,1,428,429-450,451-793,48.3,78.1,Y,N08,114957,#21,5,O
159,AT1G51830,AT1G51830.2,SIF1,RLK,LRR-I,Y,0,1,326,327-347,348-700,36.1,65.9,Y,X326,,#7,1,O
160,AT1G28340,AT1G28340.1,RLP4/LLR2,RLP,LRR-RLP,Y,22,23,549,550-570,571-626,57.4,87.2,Y,X084,,#13,4,O
161,AT5G38210,AT5G38210.1,LRK10L3,RLK,WAKL,Y,33,34,263,264-284,285-686,24.9,54.7,Y,X288,,#5,5,O
162,AT1G18390,AT1G18390.1,LRK10L1,RLK,WAKL,Y,23,24,261,262-282,283-648,26.6,56.4,Y,X287,,#4,4,O
163,AT4G18250,AT4G18250.1,,RLK,LRK10L-2,Y,10,11,463,464-484,485-853,50.2,80,Y,X300,,#5,5,O
164,AT4G23290,AT4G23290.2,CRK21,RLK,DUF26,Y,24,25,280,281-303,304-690,28.6,58.4,Y,X161,,#1,5,O
165,AT5G38240,AT5G38240.1,,RLK,LRK10L-2,Y,30,31,253,254-263,264-588,24.3,54.1,Y,X292,,#5,2,O
166,AT5G38250,AT5G38250.1,,RLK,LRK10L-2,Y,30,31,255,256-265,266-579,25.1,54.9,Y,X293,,#5,4,O
167,AT1G66920,AT1G66920.1,,RLK,LRK10L-2,Y,26,27,237,238-257,258-609,23.6,53.4,Y,X294,,#4,4,O
168,AT1G66980,AT1G66980.1,GDPDL2/SNC4,RLK,LRK10L-2,Y,36,37,751,752-772,773-1118,78.8,108.6,Y,X296,,#6,0,X
169,AT3G02130,AT3G02130.1,CLI1/RPK2/TOAD2,RLK,LRR-XV,Y,43,44,811,812-832,833-1151,82.7,112.5,Y,X042,115135,#20,3,O
170,AT5G63710,AT5G63710.3,APEX/HUB2,RLK,LRR-II,Y,47,48,225,226-246,247-615,19.2,49,Y,I04,114979,#8,5,O
171,AT5G37450,AT5G37450.2,,RLK,LRR-VIII-1,Y,24,25,589,590-610,611-983,62.5,92.3,Y,X025,,#22,5,O
172,AT3G53590,AT3G53590.1,,RLK,LRR-VIII-1,Y,33,34,557,558-578,579-944,59.3,89.1,Y,X063,115064,#22,1,O
173,AT5G01950,AT5G01950.7,,RLK,LRR-VIII-1,Y,25,26,562,563-583,584-956,60.8,90.6,Y,X064,115065,#22,4,O
174,AT1G06840,AT1G06840.1,HAK1,RLK,LRR-VIII-1,Y,28,29,563,564-584,585-953,59.5,89.3,Y,X062,115052,#20,5,O
175,AT5G10290,AT5G10290.2,TIRK,RLK,LRR-II,Y,27,28,225,226-246,247-613,21.4,51.2,Y,I02,114976,,,
176,AT5G65240,AT5G65240.2,,RLK,LRR-II,Y,20,21,219,220-240,241-640,21.2,51,Y,I05,114980,,,
177,AT5G16000,AT5G16000.1,NIK1,RLK,LRR-II,Y,31,32,254,255-271,272-638,24,53.9,Y,A11,114977,#8,5,O
178,AT3G25560,AT3G25560.3,NIK2,RLK,LRR-II,Y,32,33,248,249-269,270-647,23.4,53.2,Y,A09,114973,#8,5,O
179,AT4G30520,AT4G30520.1,CIK3/SARK,RLK,LRR-II,Y,30,31,238,239-259,260-648,22.3,52.1,Y,,,,,
180,AT2G23950,AT2G23950.1,CIK2/CLERK,RLK,LRR-II,Y,27,28,236,237-257,258-634,22.5,52.3,Y,I01,114972,#12,3,O
181,AT1G60800,AT1G60800.1,NIK3/CIK1,RLK,LRR-II,Y,25,26,237,238-258,259-632,22.6,52.4,Y,nA05,114969,#8,5,O
182,AT5G45780,AT5G45780.1,CIK4/HUB3,RLK,LRR-II,Y,26,27,239,240-260,261-614,22.8,52.6,Y,I03,114978,,,
183,AT1G71830,AT1G71830.1,SERK1,RLK,LRR-II,Y,26,27,243,244-262,263-625,23.1,52.9,Y,A06,114967,#8,5,O
184,AT1G34210,AT1G34210.2,SERK2,RLK,LRR-II,Y,29,30,242,243-263,264-628,22.8,52.7,Y,P05,114968,#8,5,O
185,AT2G13800,AT2G13800.3,SERK5/BAK8,RLK,LRR-II,Y,24,25,215,216-236,237-601,20.6,50.4,Y,A08,114971,#8,5,O
186,AT2G13790,AT2G13790.1,SERK4/BKK1/BAK7,RLK,LRR-II,Y,29,30,231,232-252,253-620,21.5,51.3,Y,A07,114970,#8,5,O
187,AT4G33430,AT4G33430.2,SERK3/BAK1,RLK,LRR-II,Y,25,26,277,278-294,295-662,27.2,57,Y,BAK1,,#8,5,O
188,AT4G18760,AT4G18760.1,RLP51/SNC2,RLP,LRR-RLP,Y,21,22,404,405-427,428-431,41,70.8,Y,X107,,#13,3,O
189,AT5G10020,AT5G10020.1,SIRK1,RLK,LRR-III,Y,21,22,601,602-622,623-1048,63.1,92.9,Y,X022,115020,#19,2,O
190,AT4G20940,AT4G20940.1,GHR1,RLK,LRR-III,Y,0,1,613,614-634,635-1037,65.7,95.5,Y,X017,115047,#19,0,X
191,AT2G27060,AT2G27060.1,FIR,RLK,LRR-III,Y,20,21,565,566-586,587-1020,58.4,88.2,Y,B10,115008,#18,2,O
192,AT2G02220,AT2G02220.1,PSKR1,RLK,LRR-Xb,Y,25,26,659,660-680,681-1008,69.9,99.8,Y,C05,115082,#10,1,O
193,AT5G53890,AT5G53890.1,PSKR2,RLK,LRR-Xb,Y,16,17,679,680-700,701-1036,72.6,102.4,Y,nC10,115089,#10,0,X
194,AT1G17250,AT1G17250.1,RLP3/RFO2,RLP,LRR-RLP,Y,50,51,725,726-738,739-756,74.5,104.3,Y,E07,,#11,5,O
195,AT1G72300,AT1G72300.1,PSYR,RLK,LRR-Xb,Y,46,47,724,725-740,741-1095,74.4,104.2,Y,C03,115079,#22,0,X
196,AT1G17240,AT1G17240.2,RLP2,RLP,LRR-RLP,Y,49,50,712,713-733,734-734,73.2,103,Y,E08,,#11,0,O
197,AT5G58150,AT5G58150.1,,RLK,LRR-VII,Y,21,22,438,439-459,460-785,46,75.8,Y,X309,,#6,2,O
198,AT2G24230,AT2G24230.1,,RLK,LRR-VII,Y,23,24,455,456-477,478-853,47.5,77.3,Y,X040,115083,#12,0,X
199,AT3G28040,AT3G28040.1,,RLK,LRR-VII,Y,26,27,646,647-667,668-1016,67.6,97.4,Y,X014,115045,#19,5,O
200,AT3G56370,AT3G56370.1,IRK,RLK,LRR-VII,Y,20,21,604,605-624,625-964,62.5,92.3,Y,X015,115046,#19,3,O
201,AT5G01890,AT5G01890.1,PXC2,RLK,LRR-VII,Y,20,21,609,610-630,631-967,63.2,93,Y,X021,115049,#3,5,O
202,AT4G08850,AT4G08850.1,MIK2,RLK,LRR-XII,Y,46,47,708,709-732,733-1045,72.8,102.6,Y,X051,115105,#22,3,O
203,AT1G35710,AT1G35710.1,,RLK,LRR-XII,Y,29,30,785,786-807,808-1120,83.1,112.9,Y,X075,115098,#20,0,X
204,AT2G25790,AT2G25790.1,SKM1,RLK,LRR-IV,Y,29,30,633,634-654,655-960,66.3,96.1,Y,A12,115022,#18,1,O
205,AT1G17230,AT1G17230.2,,RLK,LRR-XI,Y,23,24,734,735-755,756-1133,78.6,108.4,Y,X074,115096,#20,3,O
206,AT2G33170,AT2G33170.2,,RLK,LRR-XI,Y,32,33,752,753-773,774-1124,78.7,108.5,Y,X049,115101,#21,3,O
207,AT5G63930,AT5G63930.1,,RLK,LRR-XI,Y,26,27,737,738-758,759-1102,77.4,107.2,Y,X059,115116,#20,1,O
208,AT1G34110,AT1G34110.1,RGI5,RLK,LRR-XI,Y,26,27,709,710-719,720-1072,73.3,103.1,Y,X047,115097,#21,0,X
209,AT5G56040,AT5G56040.2,RGI4/SKM2,RLK,LRR-XI,Y,27,28,706,707-716,717-1090,73.7,103.6,Y,X057,115114,#20,5,O
210,AT5G48940,AT5G48940.1,RGI2/RGFR2/RCH1,RLK,LRR-XI,Y,35,36,723,724-745,746-1135,74.4,104.2,Y,X055,115112,#22,0,X
211,AT3G24240,AT3G24240.1,RGI1/RGFR1,RLK,LRR-XI,Y,33,34,725,726-747,748-1141,74.2,104,Y,X077,115103,#21,0,X
212,AT1G17750,AT1G17750.1,PEPR2,RLK,LRR-XI,Y,26,27,739,740-760,761-1088,77.2,107,Y,nD01,115093,#10,0,X
213,AT1G73080,AT1G73080.1,PEPR1,RLK,LRR-XI,Y,28,29,769,770-791,792-1123,80.3,110.1,Y,nD02,115092,#10,0,X
214,AT4G20270,AT4G20270.1,BAM3,RLK,LRR-XI,Y,22,23,656,657-677,678-992,70.1,100,Y,X078,115106,#10,4,O
215,AT1G75820,AT1G75820.1,CLV1/FAS3/FLO5,RLK,LRR-XI,Y,24,25,640,641-659,660-980,67.3,97.1,Y,L02,115100,#10,5,O
216,AT5G65700,AT5G65700.2,BAM1,RLK,LRR-XI,Y,19,20,641,642-661,662-1003,67.1,96.9,Y,X060,115117,#10,5,O
217,AT3G49670,AT3G49670.1,BAM2,RLK,LRR-XI,Y,18,19,637,638-657,658-1002,67,96.8,Y,X050,115104,#10,5,O
218,AT1G08590,AT1G08590.1,PXL1,RLK,LRR-XI,Y,23,24,644,645-665,666-1029,67.2,97,Y,X046,115094,#20,4,O
219,AT4G28650,AT4G28650.1,MIK1/PXL2,RLK,LRR-XI,Y,23,24,634,635-655,656-1013,65.6,95.4,Y,X053,115109,#22,5,O
220,AT5G51350,AT5G51350.1,MOL1,RLK,LRR-XIV,Y,24,25,589,590-610,611-895,61.8,91.6,Y,X310,,#6,2,O
221,AT5G61480,AT5G61480.1,PXY,RLK,LRR-XI,Y,29,30,653,654-674,675-1041,68.7,98.5,Y,X058,115115,#20,5,O
222,AT5G06940,AT5G06940.1,,RLK,LRR-XI,Y,26,27,540,541-561,562-872,55.6,85.5,Y,X313,,#6,0,O
223,AT1G72180,AT1G72180.1,CEPR2,RLK,LRR-XI,Y,31,32,619,620-640,641-977,64.7,94.5,Y,,,,,
224,AT5G65710,AT5G65710.1,HSL2,RLK,LRR-XI,Y,24,25,631,632-652,653-993,67.4,97.3,Y,D04,115090,#10,2,O
225,AT1G28440,AT1G28440.1,HSL1,RLK,LRR-XI,Y,15,16,618,619-639,640-996,65,94.8,Y,X329,,#7,2,O
226,AT4G28490,AT4G28490.1,HAESA/RLK5,RLK,LRR-XI,Y,20,21,626,627-647,648-999,66.2,96,Y,D03,115108,#10,5,O
227,AT5G49660,AT5G49660.1,CEPR1/XIP1,RLK,LRR-XI,Y,24,25,593,594-613,614-966,62.4,92.2,Y,X056,115113,#20,5,O
228,AT4G26540,AT4G26540.1,RGI3/RGFR3,RLK,LRR-XI,Y,24,25,699,700-720,721-1091,73.6,103.4,Y,X052,115107,#22,5,O
229,AT5G07280,AT5G07280.1,EMS1/EXS,RLK,LRR-Xb,Y,18,19,832,833-848,849-1192,87.7,117.5,Y,X044,115087,#20,5,O
230,AT2G24130,AT2G24130.2,,RLK,LRR-XII,Y,20,21,608,609-629,630-995,64.2,94,Y,L04,115121,#18,0,X
231,AT1G67510,AT1G67510.1,,RLK,LRR-III,Y,22,23,314,315-337,338-719,31.4,61.2,Y,X006,115011,#12,3,O
232,AT1G66830,AT1G66830.1,,RLK,LRR-III,Y,21,22,305,306-326,327-685,30.9,60.7,Y,X005,115010,#21,4,O
233,AT2G01210,AT2G01210.1,,RLK,LRR-III,Y,20,21,320,321-341,342-716,32.3,62.1,Y,X007,115012,#12,1,O
234,AT1G25320,AT1G25320.1,ORPK1/ZAR1,RLK,LRR-III,Y,22,23,317,318-338,339-702,31.3,61.1,Y,X002,115009,#12,0,X
235,AT5G46330,AT5G46330.2,FLS2,RLK,LRR-XII,Y,23,24,806,807-827,828-1173,85.5,115.3,Y,FLS2,115120,,,
236,AT4G20140,AT4G20140.1,GSO1,RLK,LRR-XI,Y,18,19,874,875-895,896-1249,93.3,123.1,Y,L03,115091,#10,4,O
237,AT5G44700,AT5G44700.1,SGN3/GSO1,RLK,LRR-XI,Y,22,23,874,875-895,896-1252,93,122.8,Y,X079,115111,#10,1,O
238,AT2G26330,AT2G26330.1,ERECTA/QRP1,RLK,LRR-XIIIb,Y,24,25,582,583-601,602-976,60.8,90.6,Y,C06,115127,#10,5,O
239,AT5G62230,AT5G62230.1,ERL1,RLK,LRR-XIIIb,Y,25,26,582,583-603,604-966,60.5,90.4,Y,C11,115129,#10,5,O
240,AT5G07180,AT5G07180.1,ERL2,RLK,LRR-XIIIb,Y,27,28,587,588-606,607-967,60.9,90.7,Y,C08,115131,#10,5,O
241,AT1G34420,AT1G34420.1,BTL2,RLK,LRR-XI,Y,37,38,611,612-632,633-966,62.6,92.4,Y,X003,115074,#21,3,O
242,AT2G41820,AT2G41820.1,PXC3,RLK,LRR-XI,Y,23,24,534,535-555,556-890,55.6,85.4,Y,X011,115118,,,
243,AT1G62950,AT1G62950.1,,RLK,LRR-VII,Y,24,25,517,518-538,539-890,54,83.8,Y,X004,115044,#19,3,O
244,AT1G12460,AT1G12460.1,,RLK,LRR-VII,Y,21,22,515,516-536,537-882,53.6,83.4,Y,X001,115043,#19,4,O
245,AT1G07390,AT1G07390.3,RLP1,RLP,LRR-RLP,Y,0,1,1030,1031-1054,1055-1083,115.4,145.2,Y,,,,,
246,AT3G53240,AT3G53240.2,RLP45,RLP,LRR-RLP,Y,0,1,876,877-901,902-927,98.7,128.6,Y,X083,,#11,0,X
247,AT1G58190,AT1G58190.2,RLP9,RLP,LRR-RLP,Y,27,28,982,983-1007,1008-1029,107.4,137.2,Y,X080,,#11,0,X
248,AT1G74170,AT1G74170.2,RLP13,RLP,LRR-RLP,Y,26,27,987,988-1005,1006-1068,107.7,137.5,Y,,,,,
249,AT1G74190,AT1G74190.1,RLP15,RLP,LRR-RLP,Y,26,27,916,917-941,942-965,98.9,128.7,Y,,,,,
250,AT2G25470,AT2G25470.3,RLP21,RLP,LRR-RLP,Y,30,31,931,932-952,953-978,100.8,130.6,Y,,,,,
251,AT5G49290,AT5G49290.2,RLP56,RLP,LRR-RLP,Y,26,27,898,899-923,924-947,98.4,128.2,Y,,,,,
252,AT1G74180,AT1G74180.1,RLP14/TMM,RLP,LRR-RLP,Y,26,27,927,928-952,953-976,99.9,129.8,Y,E12,,#17,4,X
253,AT3G56100,AT3G56100.1,ARM2a/MLRK/IMK3,RLK,LRR-III,Y,48,49,409,410-430,431-784,39,68.8,Y,J10,114997,#8,3,O
254,AT3G51740,AT3G51740.1,ARM2b/IMK2,RLK,LRR-III,Y,35,36,458,459-479,480-836,45.5,75.3,Y,J09,114996,#18,3,O
255,AT4G04220,AT4G04220.1,RLP46,RLP,LRR-RLP,Y,23,24,785,786-806,807-811,85.2,115,Y,X093,,#13,0,X
256,AT4G13920,AT4G13920.1,RLP50,RLP,LRR-RLP,Y,22,23,849,850-870,871-891,91.2,121,Y,X095,,#13,0,X
257,AT4G13880,AT4G13880.1,RLP48,RLP,LRR-RLP,Y,30,31,702,703-723,724-725,75.3,105.1,Y,,,,,
258,AT4G13810,AT4G13810.2,RLP47,RLP,LRR-RLP,Y,31,32,669,670-690,691-706,71.4,101.2,Y,,,,,
259,AT4G13900,AT4G13900.1,RLP49,RLP,LRR-RLP,Y,31,32,807,808-828,829-844,86.2,116,Y,,,,,
260,AT5G40170,AT5G40170.1,RLP54,RLP,LRR-RLP,Y,23,24,758,759-779,780-792,82.5,112.3,Y,,,,,
261,AT2G33080,AT2G33080.1,RLP28,RLP,LRR-RLP,Y,24,25,740,0,0,80.5,110.3,Y,X111,,#16,0,X
262,AT3G24900,AT3G24900.2,RLP39,RLP,LRR-RLP,Y,55,56,878,879-898,899-915,90.8,120.6,Y,,,,,
263,AT3G25010,AT3G25010.2,RLP41,RLP,LRR-RLP,Y,55,56,874,875-895,896-912,90.2,120,Y,X091,,#13,0,X
264,AT3G24982,AT3G24982.1,RLP40,RLP,LRR-RLP,Y,55,56,876,877-897,898-915,90.9,120.7,Y,X090,,#13,0,X
265,AT3G25020,AT3G25020.1,RLP42/RBPG1,RLP,LRR-RLP,Y,24,25,844,845-864,865-890,90.8,120.6,Y,X092,,#13,0,X
266,AT2G32680,AT2G32680.1,RLP23,RLP,LRR-RLP,Y,22,23,850,851-871,872-890,91.6,121.4,Y,F04,,#16,0,X
267,AT2G33020,AT2G33020.1,RLP24,RLP,LRR-RLP,Y,27,28,830,831-850,851-864,89,118.8,Y,,,,,
268,AT2G33060,AT2G33060.1,RLP27,RLP,LRR-RLP,Y,31,32,740,741-761,762-808,78.6,108.5,Y,E06,,#17,0,X
269,AT2G33050,AT2G33050.1,RLP26,RLP,LRR-RLP,Y,25,26,733,734-754,755-800,78.6,108.4,Y,E05,,#17,2,O
270,AT2G25440,AT2G25440.1,RLP20,RLP,LRR-RLP,Y,30,31,632,633-653,654-671,67.6,97.4,Y,X085,,#13,0,X
271,AT2G32660,AT2G32660.2,RLP22,RLP,LRR-RLP,Y,20,21,728,729-749,750-771,78.9,108.7,Y,X087,,#13,0,X
272,AT1G71400,AT1G71400.1,RLP12,RLP,LRR-RLP,Y,27,28,799,800-820,821-847,86.8,116.6,Y,X105,,#13,0,X
273,AT1G71390,AT1G71390.2,RLP11,RLP,LRR-RLP,Y,30,31,744,745-765,766-789,80.6,110.4,Y,X106,,#13,0,X
274,AT3G05360,AT3G05360.1,RLP30,RLP,LRR-RLP,Y,30,31,738,739-761,762-786,78.7,108.5,Y,F02,,#16,0,X
275,AT3G05370,AT3G05370.1,RLP31,RLP,LRR-RLP,Y,23,24,809,810-830,831-860,88.4,118.2,Y,X102,,#13,0,X
276,AT3G23010,AT3G23010.1,RLP36,RLP,LRR-RLP,Y,0,1,571,572-594,595-595,63.5,93.3,Y,E03,,#17,0,X
277,AT3G23110,AT3G23110.1,RLP37,RLP,LRR-RLP,Y,30,31,790,791-811,812-835,84.8,114.6,Y,X103,,#13,0,X
278,AT3G23120,AT3G23120.1,RLP38,RLP,LRR-RLP,Y,30,31,752,753-773,774-784,80.2,110,Y,X104,,#13,0,X
279,AT1G47890,AT1G47890.1,RLP7,RLP,LRR-RLP,Y,0,65,975,976-997,998-1019,100.8,130.6,Y,,,,,
280,AT1G45616,AT1G45616.1,RLP6,RLP,LRR-RLP,Y,29,30,950,951-971,972-994,101.9,131.7,Y,E01,,#17,0,X
281,AT5G25910,AT5G25910.1,RLP52,RLP,LRR-RLP,Y,22,23,769,770-791,792-811,83.2,113,Y,,,,,
282,AT2G15080,AT2G15080.2,RLP19,RLP,LRR-RLP,Y,24,25,937,938-959,960-983,101.4,131.2,Y,X097,,#13,0,X
283,AT3G05660,AT3G05660.1,RLP33,RLP,LRR-RLP,Y,23,24,826,827-847,848-875,89.3,119.1,Y,X088,,#13,0,X
284,AT3G05650,AT3G05650.1,RLP32,RLP,LRR-RLP,Y,32,33,819,820-840,841-868,87.9,117.7,Y,X099,,#13,0,X
285,AT3G11080,AT3G11080.2,RLP35,RLP,LRR-RLP,Y,31,32,897,898-918,919-943,96.1,125.9,Y,X101,,#13,0,X
286,AT3G11010,AT3G11010.2,RLP34,RLP,LRR-RLP,Y,31,32,910,911-931,932-957,97.3,127.1,Y,X098,,#13,0,X
287,AT5G27060,AT5G27060.2,RLP53,RLP,LRR-RLP,Y,31,32,911,912-932,933-958,97.7,127.5,Y,X100,,#13,0,X
288,AT3G28890,AT3G28890.2,RLP43,RLP,LRR-RLP,Y,30,31,664,665-685,686-711,71,100.8,Y,,,,,
289,AT5G53320,AT5G53320.1,,RLK,LRR-III,Y,20,21,238,239-259,260-601,24,53.8,Y,K07,,,,
290,AT4G39400,AT4G39400.1,BRI1/CBB2/DWF2/BIN1,RLK,LRR-Xb,Y,25,26,795,796-814,815-1196,82.9,112.8,Y,,,#10,1,O
291,AT3G47580,AT3G47580.1,,RLK,LRR-XII,Y,19,20,642,643-664,665-1011,67.8,97.6,Y,L08,115125,#18,0,X
292,AT5G25930,AT5G25930.1,HSL3/NUT,RLK,LRR-XI,Y,22,23,630,631-651,652-1005,67.1,96.9,Y,X054,115110,#20,5,O
293,AT3G24660,AT3G24660.1,TMKL1,RLK,LRR-III,Y,23,24,300,301-321,322-674,29.2,59,Y,X013,,#12,3,O
294,AT3G19700,AT3G19700.1,IKU2,RLK,LRR-XI,Y,19,20,613,614-634,635-991,65.3,95.1,Y,X076,115102,#20,4,O
295,AT1G09970,AT1G09970.2,RLK7,RLK,LRR-XI,Y,28,29,608,609-629,630-977,62.7,92.6,Y,C12,115095,#10,5,O
296,AT1G74360,AT1G74360.1,GRACE/NILR1,RLK,LRR-Xb,Y,35,36,730,731-753,754-1106,77,106.8,Y,X038,115080,#20,5,O
297,AT2G42800,AT2G42800.1,RLP29,RLP,LRR-RLP,Y,33,34,462,0,0,47,76.8,Y,X113,,#16,0,X
298,AT1G80080,AT1G80080.1,RLP17/TMM,RLP,LRR-RLP,Y,23,24,496,0,0,51.7,81.5,Y,X108,,#13,4,O
299,AT2G16250,AT2G16250.1,ARM3a,RLK,LRR-XIV,Y,28,29,446,447-470,471-915,45.6,75.5,Y,K09,115132,#18,4,O
300,AT4G39270,AT4G39270.1,ARM3b,RLK,LRR-XIV,Y,25,26,416,417-440,441-864,42.7,72.5,Y,K12,115133,#20,4,O
301,AT5G24080,AT5G24080.1,,RLK,SD-2b,Y,0,1,71,72-92,93-470,7.9,37.8,Y,,,,,
302,AT5G63410,AT5G63410.1,,RLK,LRR-VI-1,Y,22,23,318,319-338,339-680,33.3,63.1,Y,X307,,#6,0,X
303,AT5G14210,AT5G14210.2,,RLK,LRR-VI-1,Y,23,24,395,396-417,418-806,41,70.8,Y,X311,,#6,0,X
304,AT3G03770,AT3G03770.3,,RLK,LRR-VI-1,Y,25,26,391,392-412,413-802,40.1,69.9,Y,O12,115038,,,
305,AT2G02780,AT2G02780.1,,RLK,LRR-VI-1,Y,27,28,354,355-377,378-742,35.7,65.5,Y,O11,115037,#12,2,O
306,AT1G14390,AT1G14390.1,,RLK,LRR-VI-1,Y,27,28,355,356-377,378-728,35.8,65.6,Y,O09,,#12,3,O
307,AT3G23750,AT3G23750.1,BARK1/TMK4,RLK,LRR-IX,Y,24,25,478,479-495,496-928,47.8,77.6,Y,X073,115073,,,
308,AT1G24650,AT1G24650.1,TMK2,RLK,LRR-IX,Y,20,21,461,462-482,483-886,47.6,77.4,Y,X034,115070,#19,1,O
309,AT2G01820,AT2G01820.1,TMK3,RLK,LRR-IX,Y,24,25,482,483-504,505-943,48.9,78.7,Y,X036,115072,#19,4,O
310,AT1G66150,AT1G66150.1,TMK1,RLK,LRR-IX,Y,23,24,482,483-503,504-942,49,78.8,Y,X035,115071,#19,5,O
311,AT2G31880,AT2G31880.1,SOBIR1/EVR,RLK,LRR_XVI,Y,31,32,287,288-308,309-641,28.4,58.2,Y,nD09,115075,#12,3,O
312,AT1G69270,AT1G69270.1,RPK1,RLK,LRR-XV,Y,19,20,198,199-220,221-540,19.3,49.1,Y,C01,,,,
313,AT5G07150,AT5G07150.1,,RLK,LRR-VI-2,Y,30,31,231,232-252,253-553,22.1,51.9,Y,X312,,#6,4,O
314,AT4G18640,AT4G18640.1,MRH1/MDIS2,RLK,LRR-VI-2,Y,25,26,323,324-344,345-678,32.8,62.6,Y,P01,115039,,,
315,AT5G45840,AT5G45840.1,MDIS1,RLK,LRR-VI-2,Y,29,30,351,352-372,373-706,36.2,66.1,Y,P04,,#22,3,O
316,AT5G41180,AT5G41180.1,,RLK,LRR-VI-2,Y,27,28,278,279-299,300-664,27.9,57.8,Y,P03,115041,,,
317,AT1G63430,AT1G63430.2,,RLK,LRR-VI-2,Y,22,23,288,289-312,313-688,29.1,58.9,Y,O10,115036,#12,0,X
318,AT1G34290,AT1G34290.1,,RLP,LRR-RLP,Y,26,27,169,170-190,191-266,16,45.8,Y,X114,,#16,5,O
319,AT2G01950,AT2G01950.1,VH1/BRL2,RLK,LRR-Xb,Y,28,29,756,757-777,778-1143,79.1,109,Y,X039,115081,#10,2,O
320,AT1G55610,AT1G55610.2,BRL1,RLK,LRR-Xb,Y,24,25,776,777-797,798-1166,80.8,110.6,Y,B12,115077,#10,2,O
321,AT3G13380,AT3G13380.1,BRL3,RLK,LRR-Xb,Y,23,24,780,781-796,797-1164,80.7,110.5,Y,C07,115084,#10,3,O
322,AT3G28450,AT3G28450.1,BIR2,RLK,LRR-Xa,Y,28,29,229,230-250,251-605,21.8,51.6,Y,X043,115085,,,
323,AT1G27190,AT1G27190.1,BIR3,RLK,LRR-Xa,Y,21,22,220,221-241,242-601,21.2,51,Y,B11,115076,#8,1,O
324,AT1G69990,AT1G69990.1,BIR4,RLK,LRR-Xa,Y,18,19,213,214-234,235-591,21.1,50.9,Y,C02,115078,#8,5,O
325,AT5G48380,AT5G48380.1,BIR1,RLK,LRR-Xa,Y,27,28,228,229-249,250-620,22.2,52,Y,C09,115088,#8,4,O
326,AT4G22730,AT4G22730.1,,RLK,LRR-IV,Y,24,25,312,313-333,334-688,31.4,61.2,Y,K11,115024,#18,5,O
327,AT2G45340,AT2G45340.1,,RLK,LRR-IV,Y,21,22,312,313-333,334-691,30.8,60.7,Y,K10,115023,#18,5,O
328,AT5G51560,AT5G51560.1,HUB1,RLK,LRR-IV,Y,26,27,309,310-330,331-680,30.4,60.2,Y,L01,115025,,,
329,AT1G65380,AT1G65380.1,RLP10/CLV2,RLP,LRR-RLP,Y,25,26,686,687-707,708-720,72.5,102.3,Y,F01,,#17,0,X
330,AT5G65830,AT5G65830.1,RLP57,RLP,LRR-RLP,Y,31,32,237,238-257,258-279,22.6,52.4,Y,E09,,#11,1,O
331,AT3G49750,AT3G49750.1,RLP44,RLP,LRR-RLP,Y,24,25,229,230-251,252-274,22.3,52.1,Y,D10,,#11,2,O
332,AT2G15300,AT2G15300.1,,RLK,LRR-III,Y,23,24,335,336-357,358-744,33.2,63,Y,X008,115013,#21,3,O
333,AT4G34220,AT4G34220.1,RDK1,RLK,LRR-III,Y,26,27,340,341-361,362-757,33.6,63.4,Y,X018,115018,#22,1,O
334,AT5G67280,AT5G67280.1,RLK,RLK,LRR-III,Y,30,31,336,337-359,360-751,33,62.8,Y,X023,115021,,,
335,AT2G23300,AT2G23300.1,,RLK,LRR-III,Y,30,31,333,334-355,356-773,32.2,62,Y,X009,115014,#12,2,O
336,AT4G37250,AT4G37250.1,,RLK,LRR-III,Y,21,22,329,330-351,352-768,32.9,62.7,Y,X020,115019,,,
337,AT5G24100,AT5G24100.1,,RLK,LRR-III,Y,24,25,251,252-273,274-614,24.4,54.2,Y,K04,115003,,,
338,AT1G64210,AT1G64210.1,,RLK,LRR-III,Y,19,20,232,233-253,254-587,23.6,53.4,Y,I09,114984,#12,5,O
339,AT4G23740,AT4G23740.2,,RLK,LRR-III,Y,24,25,257,258-278,279-638,25.7,55.5,Y,J11,114998,,,
340,AT3G08680,AT3G08680.2,,RLK,LRR-III,Y,22,23,261,262-282,283-640,25.4,55.2,Y,J04,114991,,,
341,AT5G05160,AT5G05160.1,RUL1,RLK,LRR-III,Y,27,28,266,267-287,288-640,25.7,55.5,Y,K01,115000,,,
342,AT5G58300,AT5G58300.3,KOIN,RLK,LRR-III,Y,43,44,281,282-302,303-654,25.5,55.4,Y,K08,115007,,,
343,AT2G26730,AT2G26730.1,,RLK,LRR-III,Y,23,24,257,258-278,279-658,25.3,55.1,Y,J01,114988,,,
344,AT1G48480,AT1G48480.1,RKL1,RLK,LRR-III,Y,31,32,269,270-290,291-655,25.7,55.5,Y,,,,,
345,AT3G17840,AT3G17840.1,RLK902,RLK,LRR-III,Y,29,30,267,268-288,289-647,25.4,55.2,Y,J05,114992,#8,1,O
346,AT3G02880,AT3G02880.1,KIN7/QSK1,RLK,LRR-III,Y,24,25,256,257-275,276-627,24.7,54.5,Y,J03,114990,#12,4,O
347,AT5G16590,AT5G16590.1,LRR1/QSK2,RLK,LRR-III,Y,23,24,246,247-267,268-625,23.7,53.5,Y,K02,115001,,,
348,AT2G35620,AT2G35620.4,FEI2,RLK,LRR-XIIIa,Y,28,29,236,237-258,259-589,22.2,52,Y,X041,115128,#8,5,O
349,AT1G31420,AT1G31420.3,FEI1,RLK,LRR-XIIIa,Y,29,30,239,240-260,261-592,22.7,52.5,Y,X037,115126,#8,5,O
350,AT3G47570,AT3G47570.1,,RLK,LRR-XII,Y,19,20,641,642-664,665-1010,67.4,97.2,Y,L07,115124,#22,0,X
351,AT3G47090,AT3G47090.1,,RLK,LRR-XII,Y,19,20,642,643-663,664-1009,68,97.8,Y,L05,115122,#18,5,X
352,AT3G47110,AT3G47110.1,XPS1,RLK,LRR-XII,Y,30,31,653,654-676,677-1025,67.2,97,Y,L06,115123,#21,1,O
353,AT5G20480,AT5G20480.2,EFR,RLK,LRR-XII,Y,24,25,649,650-670,671-1031,68.5,98.3,Y,D05,115119,#10,0,X
354,AT5G62710,AT5G62710.1,,RLK,LRR-XIIIa,Y,23,24,240,241-262,263-604,23.8,53.6,Y,X045,115130,,,
355,AT3G42880,AT3G42880.1,PRK3,RLK,LRR-III,Y,21,22,251,252-269,270-633,25.3,55.1,Y,J07,114994,#8,4,O
356,AT5G20690,AT5G20690.1,PRK6,RLK,LRR-III,Y,26,27,266,267-287,288-659,26.5,56.3,Y,K03,115002,#8,5,O
357,AT1G72460,AT1G72460.1,PRK8,RLK,LRR-III,Y,21,22,251,252-272,273-644,25,54.8,Y,I11,114986,#12,4,O
358,AT4G31250,AT4G31250.1,PRK7,RLK,LRR-III,Y,26,27,245,246-266,267-676,23.6,53.4,Y,J12,114999,#22,5,O
359,AT2G07040,AT2G07040.1,PRK2/PRK2A,RLK,LRR-III,Y,21,22,248,249-269,270-647,25.5,55.4,Y,I12,114987,,,
360,AT5G35390,AT5G35390.1,PRK1,RLK,LRR-III,Y,31,32,256,257-277,278-662,24.6,54.4,Y,K05,115004,#8,1,O
361,AT3G20190,AT3G20190.1,PRK4,RLK,LRR-III,Y,39,40,282,283-302,303-679,26.5,56.3,Y,J06,114993,#8,5,O
362,AT1G50610,AT1G50610.1,PRK5,RLK,LRR-III,Y,39,40,284,285-304,305-686,26.4,56.2,Y,I07,114982,#8,3,O
363,AT5G43020,AT5G43020.1,ARM1c,RLK,LRR-III,Y,24,25,279,280-301,302-669,28.3,58.1,Y,K06,115005,,,
364,AT5G67200,AT5G67200.1,,RLK,LRR-III,Y,21,22,282,283-304,305-669,28.2,58,Y,X306,,#6,4,O
365,AT3G50230,AT3G50230.2,,RLK,LRR-III,Y,33,34,303,304-325,326-672,29,58.8,Y,J08,114995,,,
366,AT1G68400,AT1G68400.1,,RLK,LRR-III,Y,27,28,276,277-297,298-670,27,56.8,Y,I10,,#12,3,O
367,AT1G10850,AT1G10850.1,ARM1a,RLK,LRR-III,Y,32,33,258,259-279,280-663,24.6,54.4,Y,X330,,#7,5,O
368,AT1G60630,AT1G60630.1,ARM1b,RLK,LRR-III,Y,23,24,251,252-273,274-652,24.9,54.7,Y,I08,114983,#22,4,O
369,AT2G42290,AT2G42290.1,,RLK,LRR-III,Y,23,24,277,278-298,299-646,27.5,57.4,Y,X012,115015,#12,3,O
370,AT3G57830,AT3G57830.3,,RLK,LRR-III,Y,24,25,276,277-297,298-662,27.1,56.9,Y,X016,115017,,,
371,AT1G75640,AT1G75640.1,MUS,RLK,LRR-III,Y,24,25,754,755-777,778-1140,78.7,108.5,Y,X061,115050,#21,1,O
372,AT4G36180,AT4G36180.1,MUL,RLK,LRR-III,Y,22,23,752,753-774,775-1136,78.4,108.2,Y,X019,115048,#19,3,O
373,AT5G39390,AT5G39390.1,,RLK,LRR-XII,Y,23,24,168,169-189,190-502,16,45.8,Y,,,,,
374,AT2G36570,AT2G36570.1,PXC1,RLK,LRR-III,Y,21,22,269,270-291,292-672,27,56.8,Y,J02,114989,,,
375,AT1G11130,AT1G11130.1,SUB/SCM/SRF9,RLK,LRR-V,Y,24,25,341,342-362,363-768,33.7,63.5,Y,B01,115026,#12,1,O
376,AT4G03390,AT4G03390.1,SRF3,RLK,LRR-V,Y,29,30,316,317-337,338-776,30,59.9,Y,B07,115032,#12,0,X
377,AT2G20850,AT2G20850.1,SRF1,RLK,LRR-V,Y,31,32,314,315-335,336-775,29.8,59.6,Y,B04,115029,#12,4,O
378,AT1G78980,AT1G78980.1,SRF5,RLK,LRR-V,Y,22,23,273,274-294,295-699,27.2,57,Y,B03,115028,#12,1,O
379,AT3G13065,AT3G13065.1,SRF4,RLK,LRR-V,Y,25,26,278,279-299,300-687,27,56.8,Y,B05,115030,,,
380,AT3G14350,AT3G14350.1,SRF7,RLK,LRR-V,Y,25,26,291,292-312,313-717,28,57.8,Y,B06,115031,#12,3,O
381,AT1G53730,AT1G53730.2,SRF6,RLK,LRR-V,Y,25,26,296,297-313,314-720,28.5,58.3,Y,B02,115027,#12,5,O
382,AT4G22130,AT4G22130.1,SRF8,RLK,LRR-V,Y,27,28,289,290-310,311-703,27.5,57.3,Y,B08,115033,#12,0,X
383,AT5G06820,AT5G06820.1,SRF2,RLK,LRR-V,Y,23,24,296,297-317,318-735,30.4,60.2,Y,nB09,,#12,5,O
384,AT1G79620,AT1G79620.5,VRLK1,RLK,LRR-VIII-1,Y,30,31,594,595-615,616-997,61.8,91.6,Y,X024,115051,#21,5,O
385,AT5G49770,AT5G49770.1,,RLK,LRR-VIII-1,Y,25,26,561,562-582,583-946,59,88.8,Y,X027,115068,#22,4,O
386,AT5G49780,AT5G49780.2,,RLK,LRR-VIII-1,Y,23,24,561,562-584,585-978,59.4,89.3,Y,X065,115069,#22,3,O
387,AT5G49760,AT5G49760.1,CARD1/HPCA1,RLK,LRR-VIII-1,Y,23,24,558,559-579,580-953,58.7,88.5,Y,X026,115067,#22,0,X
388,AT5G45800,AT5G45800.1,MEE62,RLK,LRR-VII,Y,17,18,296,297-318,319-666,31,60.8,Y,,,,,
389,AT1G56145,AT1G56145.2,IGP1/CORK1,RLK,LRR-VIII-2,Y,24,25,630,631-652,653-1039,66.3,96.1,Y,X321,,#6,0,X
390,AT1G56120,AT1G56120.1,,RLK,LRR-VIII-2,Y,0,1,653,654-675,676-1047,70.9,100.7,Y,X070,115060,#22,2,O
391,AT1G56130,AT1G56130.2,IGP2/IGP3,RLK,LRR-VIII-2,Y,29,30,637,638-659,660-1032,65.8,95.6,Y,X071,115061,#22,3,O
392,AT1G56140,AT1G56140.1,IGP4,RLK,LRR-VIII-2,Y,28,29,636,637-658,659-1033,65.9,95.7,Y,X032,115062,#21,3,O
393,AT1G29750,AT1G29750.2,RKF1,RLK,LRR-VIII-2,Y,39,40,625,626-645,646-1021,65.3,95.1,Y,X030,115056,#20,5,O
394,AT1G29720,AT1G29720.1,RKFL1,RLK,LRR-VIII-2,Y,26,27,615,616-636,637-1019,65.5,95.3,Y,X029,115054,#21,5,O
395,AT1G29730,AT1G29730.2,RKFL2,RLK,LRR-VIII-2,Y,35,36,627,628-646,647-1001,66.2,96,Y,X066,115055,#21,3,O
396,AT1G29740,AT1G29740.1,RKFL3,RLK,LRR-VIII-2,Y,34,35,628,629-649,650-1078,66.1,95.9,Y,X328,,#7,2,O
397,AT1G53430,AT1G53430.1,NILR2,RLK,LRR-VIII-2,Y,28,29,609,610-630,631-1038,64.5,94.3,Y,X031,115058,#21,5,O
398,AT1G53440,AT1G53440.1,,RLK,LRR-VIII-2,Y,26,27,607,608-628,629-1035,64.7,94.5,Y,X069,115059,#21,5,O
399,AT1G07650,AT1G07650.2,LMK1,RLK,LRR-VIII-2,Y,23,24,625,626-649,650-1020,66.8,96.6,Y,X028,,#21,1,O
400,AT3G14840,AT3G14840.2,LIK1,RLK,LRR-VIII-2,Y,26,27,614,615-635,636-1020,64,93.8,Y,X033,115063,,,
401,AT1G53420,AT1G53420.1,,RLK,LRR-VIII-2,Y,24,25,566,567-587,588-953,60.7,90.5,Y,X068,115057,#21,5,O
402,AT3G01840,AT3G01840.1,LYK2,RLK,LysM-II,Y,31,32,243,244-264,265-654,23.4,53.2,Y,G09,,#3,4,O
403,AT5G24010,AT5G24010.1,,RLK,CrRLK1L-1,Y,24,25,409,410-430,431-824,43,72.8,Y,F07,,#16,0,X
404,AT2G23200,AT2G23200.1,,RLK,CrRLK1L-1,Y,28,29,401,402-424,425-834,41.7,71.5,Y,G03,,#16,5,O
405,AT3G51550,AT3G51550.1,FER,RLK,CrRLK1L-1,Y,27,28,447,448-469,470-895,45.8,75.6,Y,D12,,,,
406,AT3G04690,AT3G04690.1,ANX1,RLK,CrRLK1L-1,Y,26,27,430,431-451,452-850,45.2,75,Y,F12,,#16,5,O
407,AT5G28680,AT5G28680.1,ANX2,RLK,CrRLK1L-1,Y,25,26,434,435-455,456-858,45.2,75,Y,G01,,#16,5,O
408,AT5G39030,AT5G39030.1,MDS4,RLK,LRK10L-2,Y,17,18,443,444-464,465-806,48.2,78,Y,G07,,#7,3,O
409,AT5G39020,AT5G39020.1,MDS3,RLK,LRK10L-2,Y,21,22,439,440-460,461-813,46.6,76.4,Y,,,,,
410,AT5G38990,AT5G38990.1,MDS1,RLK,CrRLK1L-1,Y,19,20,440,441-461,462-880,47.1,76.9,Y,,,,,
411,AT5G39000,AT5G39000.1,MDS2,RLK,CrRLK1L-1,Y,21,22,440,441-465,466-873,46.8,76.6,Y,,,,,
412,AT1G69910,AT1G69910.1,,RLK,WAKL,Y,26,27,256,257-277,278-636,25.6,55.4,Y,X290,,#4,3,O
413,AT2G39360,AT2G39360.1,CVY1,RLK,CrRLK1L-1,Y,25,26,409,410-430,431-815,42.7,72.5,Y,,,,,
414,AT3G46290,AT3G46290.1,HERK1,RLK,CrRLK1L-1,Y,24,25,405,406-426,427-830,41.7,71.5,Y,F05,,#3,2,O
415,AT5G59700,AT5G59700.1,ANJ,RLK,CrRLK1L-1,Y,24,25,405,406-427,428-829,42.2,72,Y,,,,,
416,AT5G54380,AT5G54380.1,THE1,RLK,CrRLK1L-1,Y,23,24,416,417-437,438-855,42.6,72.4,Y,F06,,#16,1,O
417,AT5G61350,AT5G61350.1,CAP1/ERU,RLK,CrRLK1L-1,Y,26,27,423,424-446,447-842,43.2,73,Y,,,,,
418,AT1G34300,AT1G34300.1,,RLK,SD-2b,Y,25,26,424,425-445,446-829,43.2,73,Y,X219,,#7,4,O
419,AT1G15530,AT1G15530.1,LECRK-S.1,RLK,L-LEC,Y,29,30,304,305-325,326-656,30.2,60,Y,X235,,#4,4,O
420,AT1G49730,AT1G49730.1,,RLK,URK-1,Y,55,56,284,285-305,306-693,24.5,54.3,Y,X304,,#4,2,O
421,AT3G19300,AT3G19300.1,,RLK,URK-1,Y,28,29,255,256-275,276-663,24.2,54.1,Y,X305,,#4,4,O
422,AT5G06740,AT5G06740.1,AT5G06740,RLK,L-LEC,Y,24,25,267,268-291,292-652,26.8,56.6,Y,X262,,#5,5,O
423,AT4G23310,AT4G23310.1,CRK23,RLK,DUF26,Y,23,24,430,431-453,454-830,44.9,74.7,Y,X151,,#1,3,O
424,AT2G20300,AT2G20300.1,ALE2,RLK,Extensin,Y,25,26,260,261-281,282-744,25.8,55.6,Y,X271,,#4,1,O
425,AT1G52290,AT1G52290.1,PERK15,RLK,PERK,Y,0,1,62,63-82,83-509,6.2,36,Y,X130,,#2,5,O
426,AT5G48740,AT5G48740.1,,RLK,LRR-I,Y,16,17,546,547-567,568-895,58.8,88.6,Y,O03,114963,#19,4,O
427,AT1G70250,AT1G70250.1,LTPG32,RLK,LRK10L-2,Y,19,20,404,405-423,424-799,41.5,71.3,Y,X301,,#4,3,O
428,AT2G40270,AT2G40270.1,,RLK,LRR-VI-2,Y,23,24,138,139-159,160-489,12.5,42.3,Y,,,,,
429,AT3G56050,AT3G56050.1,,RLK,LRR-VI-2,Y,31,32,146,147-167,168-499,12.5,42.3,Y,,,,,
430,AT5G58540,AT5G58540.1,,RLK,LRR-VI-2,Y,29,30,143,144-165,166-484,12,41.8,Y,,,,,
431,AT3G24540,AT3G24540.1,PERK3,RLK,PERK,Y,0,1,125,126-144,145-509,13.2,43,Y,X128,,,,
432,AT5G56890,AT5G56890.1,,RLK,Extensin,Y,22,23,630,631-651,652-1113,63.7,93.5,Y,X270,,#6,3,O
433,AT1G26150,AT1G26150.1,PERK10,RLK,PERK,Y,0,1,328,329-349,350-762,33.2,63,Y,X138,,#2,0,X
434,AT1G68690,AT1G68690.1,PERK9,RLK,PERK,Y,0,1,280,281-301,302-708,28.2,58,Y,X139,,#3,1,O
435,AT3G24550,AT3G24550.1,PERK1,RLK,PERK,Y,0,1,143,144-162,163-652,13.7,43.5,Y,X129,,#2,5,O
436,AT5G38560,AT5G38560.1,PERK8,RLK,PERK,Y,0,1,238,239-259,260-681,23,52.8,Y,X140,,#3,5,O
437,AT1G70460,AT1G70460.1,PERK13/RHS10,RLK,PERK,Y,0,1,238,239-256,257-710,23.1,52.9,Y,X135,,#2,4,O
438,AT1G23540,AT1G23540.1,PERK12/IGI1,RLK,PERK,Y,0,1,246,247-267,268-720,24,53.8,Y,X136,,#2,5,O
439,AT4G34440,AT4G34440.1,PERK5,RLK,PERK,Y,0,1,188,189-209,210-670,18.4,48.2,Y,X133,,#2,5,O
440,AT2G18470,AT2G18470.1,PERK4,RLK,PERK,Y,0,1,151,152-172,173-633,14.1,43.9,Y,X134,,#2,5,O
441,AT1G10620,AT1G10620.1,PERK11,RLK,PERK,Y,10,11,263,264-279,280-718,25.7,55.5,Y,X137,,#2,4,O
442,AT3G18810,AT3G18810.1,PERK6,RLK,PERK,Y,0,1,186,187-205,206-700,18.9,48.7,Y,X132,,#3,5,O
443,AT1G49270,AT1G49270.1,PERK7,RLK,PERK,Y,0,1,174,175-195,196-699,17.5,47.3,Y,X131,,#2,5,O
444,AT1G66880,AT1G66880.1,,RLK,WAKL,Y,20,21,874,875-893,894-1296,94.8,124.7,Y,X289,,#6,3,O
445,AT1G70520,AT1G70520.1,CRK2/ASG6,RLK,DUF26,Y,29,30,260,261-281,282-649,25,54.8,Y,X178,,#11,5,O
446,AT5G38280,AT5G38280.1,PR5K,RLK,LRK10L-2,Y,24,25,276,277-297,298-665,27.5,57.3,Y,X299,,#5,2,O
447,AT4G23230,AT4G23230.1,CRK15,RLK,DUF26,Y,0,1,156,157-177,178-507,17.5,47.3,Y,X173,,#2,2,O
448,AT1G51940,AT1G51940.1,LYK3,RLK,LysM-I,Y,19,20,238,239-259,260-651,23.6,53.4,Y,G10,,#3,5,O
449,AT4G23320,AT4G23320.1,CRK24,RLK,DUF26,Y,0,1,117,118-136,137-437,13.7,43.5,Y,X162,,#1,0,X
450,AT4G23250,AT4G23250.1,CRK17/RKC1,RLK,DUF26,Y,26,725,977,978-998,999-1035,28.4,58.2,Y,X160,,#2,5,O
451,AT5G59270,AT5G59270.1,LECRK-II.2,RLK,L-LEC,Y,24,25,292,293-315,316-668,29.4,59.2,Y,,,,,
452,AT4G23200,AT4G23200.1,CRK12,RLK,DUF26,Y,18,19,300,301-310,311-648,31.3,61.1,Y,X141,,#2,5,O
453,AT3G21630,AT3G21630.1,CERK1/LYK1,RLK,LysM-I,Y,23,24,237,238-256,257-617,23.2,53.1,Y,G08,,#1,5,O
454,AT2G23770,AT2G23770.1,LYK4,RLK,LysM-II,Y,22,23,275,276-294,295-612,27.2,57,Y,G11,,#3,3,O
455,AT2G33580,AT2G33580.1,LYK5,RLK,LysM-II,Y,26,27,278,279-300,301-664,27.2,57,Y,G12,,#3,5,O
456,AT3G59420,AT3G59420.1,ACR4/CR4,RLK,CR4L,Y,29,30,436,437-455,456-895,43.4,73.2,Y,,,,,
457,AT4G00970,AT4G00970.1,CRK41,RLK,DUF26,Y,27,28,280,281-302,303-665,28.1,57.9,Y,X164,,#1,5,O
458,AT4G23130,AT4G23130.2,CRK5/RLK6,RLK,DUF26,Y,24,25,281,282-302,303-663,28.4,58.2,Y,X152,,#2,5,O
459,AT4G23140,AT4G23140.2,CRK6,RLK,DUF26,Y,24,25,289,290-310,311-680,29,58.8,Y,X146,,#2,5,O
460,AT4G23180,AT4G23180.1,CRK10/RLK4,RLK,DUF26,Y,34,35,286,287-308,309-669,27.6,57.4,Y,X148,,#2,5,O
461,AT4G23150,AT4G23150.1,CRK7,RLK,DUF26,Y,23,24,275,276-296,297-659,28.2,58,Y,X147,,#2,5,O
462,AT4G23280,AT4G23280.1,CRK20,RLK,DUF26,Y,23,24,254,255-275,276-656,25.8,55.6,Y,X150,,#1,5,O
463,AT4G23270,AT4G23270.1,CRK19,RLK,DUF26,Y,20,21,263,264-285,286-645,26.8,56.7,Y,X154,,#2,5,O
464,AT4G23160,AT4G23160.1,CRK8,RLK,DUF26,Y,0,615,878,879-899,900-1262,29.4,59.2,Y,,,,,
465,AT4G21400,AT4G21400.1,CRK28,RLK,DUF26,Y,24,25,289,290-310,311-711,29,58.8,Y,X165,,#1,5,O
466,AT4G21410,AT4G21410.1,CRK29,RLK,DUF26,Y,23,24,287,288-308,309-679,29.4,59.2,Y,X166,,#1,5,O
467,AT4G23190,AT4G23190.1,CRK11/RLK3,RLK,DUF26,Y,24,25,289,290-311,312-667,28.9,58.7,Y,X144,,#2,2,O
468,AT4G11490,AT4G11490.1,CRK33,RLK,DUF26,Y,25,26,266,267-289,290-636,27.3,57.1,Y,X155,,#1,5,O
469,AT4G23220,AT4G23220.1,CRK14,RLK,DUF26,Y,0,86,353,354-373,374-728,29.4,59.2,Y,X142,,#2,5,O
470,AT4G11480,AT4G11480.1,CRK32,RLK,DUF26,Y,23,24,262,263-283,284-656,26.6,56.4,Y,X157,,#1,5,O
471,AT4G23300,AT4G23300.1,CRK22,RLK,DUF26,Y,24,25,293,294-315,316-660,29.9,59.7,Y,X145,,#1,5,O
472,AT4G23210,AT4G23210.1,CRK13,RLK,DUF26,Y,24,25,299,300-320,321-610,30.7,60.5,Y,X163,,#3,5,O
473,AT4G23260,AT4G23260.1,CRK18,RLK,DUF26,Y,27,28,287,288-308,309-659,28.1,57.9,Y,X159,,#2,4,O
474,AT4G11460,AT4G11460.1,CRK30,RLK,DUF26,Y,24,25,285,286-306,307-700,28.8,58.6,Y,X158,,#1,4,O
475,AT4G11530,AT4G11530.1,CRK34,RLK,DUF26,Y,23,24,285,286-306,307-669,28.8,58.6,Y,X143,,#1,5,O
476,AT4G11470,AT4G11470.1,CRK31,RLK,DUF26,Y,23,24,279,280-301,302-666,28.5,58.3,Y,X156,,#1,5,O
477,AT4G04500,AT4G04500.1,CRK37,RLK,DUF26,Y,26,27,287,288-308,309-646,29.6,59.5,Y,X169,,#1,1,X
478,AT4G04510,AT4G04510.1,CRK38,RLK,DUF26,Y,25,26,280,281-299,300-648,28.6,58.4,Y,X172,,#1,5,O
479,AT4G04540,AT4G04540.1,CRK39,RLK,DUF26,Y,27,28,289,290-310,311-659,29.1,58.9,Y,X171,,#1,4,O
480,AT4G04570,AT4G04570.1,CRK40,RLK,DUF26,Y,27,28,287,288-308,309-654,29.2,59,Y,X170,,#1,3,O
481,AT4G04490,AT4G04490.1,CRK36,RLK,DUF26,Y,26,27,282,283-301,302-658,29.2,59,Y,X168,,#1,2,O
482,AT4G38830,AT4G38830.1,CRK26,RLK,DUF26,Y,22,23,283,284-304,305-665,28.8,58.6,Y,X167,,#1,5,O
483,AT4G05200,AT4G05200.1,CRK25,RLK,DUF26,Y,25,26,285,286-306,307-675,28.8,58.6,Y,X149,,#1,5,O
484,AT3G45860,AT3G45860.1,CRK4,RLK,DUF26,Y,18,19,288,289-309,310-676,30.2,60,Y,X153,,#1,5,O
485,AT4G28670,AT4G28670.1,,RLK,DUF26,Y,23,24,252,253-273,274-625,25.7,55.5,Y,X179,,#7,5,O
486,AT1G70530,AT1G70530.1,CRK3,RLK,DUF26,Y,20,21,260,261-281,282-646,26.3,56.1,Y,X176,,#1,5,O
487,AT5G40380,AT5G40380.1,CRK42,RLK,DUF26,Y,28,29,252,253-275,276-651,25,54.8,Y,X175,,#2,1,O
488,AT4G21230,AT4G21230.1,,RLK,DUF26,Y,24,25,274,275-295,296-642,27.5,57.3,Y,X180,,#2,5,O
NC01,AT3G13690,AT3G13690.1,,RLK,PERK,Y,0,0,0,0,1-753,,,,,,,,
NC02,AT1G70740,AT1G70740.1,CRK43,RLK,DUF26,Y,0,0,0,0,1-425,,,,,,,,
NC03,AT3G46760,AT3G46760.1,LECRK-S.3,RLK,L-LEC,Y,0,0,0,0,1-337,,,,,,,,
NC04,AT4G23240,AT4G23240.1,CRK16,RLK,DUF26,Y,0,0,0,0,1-352,,,,,,,,
NC05,AT4G00960,AT4G00960.1,CRK44,RLK,DUF26,Y,0,0,0,0,1-372,,,,,,,,
NC06,AT1G51620,AT1G51620.1,,RLK,LRR-I,Y,0,0,0,0,1-262,,,,,,,,
NC07,AT1G55200,AT1G55200.1,,RLK,PERK,Y,0,0,0,0,1-676,,,,,,,,
NC08,AT5G15730,AT5G15730.1,CRLK2,RLK,LRR-I,Y,0,1,11,30-Dec,31-434,,,,,,,,
NC09,AT3G25490,AT3G25490.1,WAKL16,RLK,WAK,Y,0,25,29,30-50,51-433,,,,,,,,
NC10,AT5G41680,AT5G41680.1,,RLK,LRR-III,Y,0,0,0,0,1-359,,,,,,,,
NC11,AT5G07620,AT5G07620.1,,RLK,LRR-III,Y,0,1,5,26-Jun,27-359,,,,,,,,
NC12,AT5G54590,AT5G54590.2,CRLK1,RLK,LRR-I,Y,0,1,7,28-Aug,29-440,,,,,,,,
NC13,AT3G51990,AT3G51990.1,,RLK,CR4L,Y,0,0,0,0,1-362,,,,,,,,
NC14,AT5G61570,AT5G61570.1,,RLK,LRR-III,Y,0,1,8,Sep-31,32-361,,,,,,,,
NC15,AT5G23170,AT5G23170.1,,RLK,CR4L,Y,0,0,0,0,1-341,,,,,,,,
NC16,AT5G42440,AT5G42440.1,,RLK,LRR-Xb,Y,0,1,6,28-Jul,29-359,,,,,,,,
NC17,AT1G54820,AT1G54820.1,,RLK,Extensin,Y,0,1,38,39-59,60-458,,,,,,,,
NC18,AT2G32800,AT2G32800.1,LECRK-S.2/AP4.3A,RLK,L-LEC,Y,0,0,0,0,1-851,,,,,,,,
NC19,AT3G58690,AT3G58690.1,,RLK,Extensin,Y,0,1,13,14-34,35-400,,,,,,,,
NC20,AT5G56790,AT5G56790.1,,RLK,PERK,Y,0,0,0,0,1-669,,,,,,,,
NC21,AT3G46410,AT3G46410.1,,RLK,LRR-I,Y,0,0,0,0,1-291,,,,,,,,
NC22,AT1G70450,AT1G70450.1,,RLK,PERK,Y,0,0,0,0,1-394,,,,,,,,
NC23,AT3G09010,AT3G09010.1,,RLK,LRR-VIII-2,Y,0,0,0,0,1-393,,,,,,,,
NC24,AT2G41140,AT2G41140.1,CRK1/CBK3/CAMK1,RLK,DUF26,Y,0,0,0,0,1-576,,,,,,,,
NC25,AT1G28390,AT1G28390.1,,RLK,CR4L,Y,0,0,0,0,1-470,,,,,,,,
NC26,AT3G57120,AT3G57120.1,,RLK,LysM-II,Y,0,0,0,0,1-456,,,,,,,,
NC27,AT5G13290,AT5G13290.1,CRN/SOL2,RLK,LRR_XVI,Y,36,37,62,63-85,86-376,,,,,,,,
NC28,AT4G11890,AT4G11890.3,CRK45/ARCK1,RLK,DUF26,Y,0,0,0,0,1-354,,,,,,,,
NC29,AT1G78530,AT1G78530.1,,RLK,LRR-XIIIa,Y,0,1,8,29-Sep,30-355,,,,,,,,
NC30,AT1G16670,AT1G16670.1,CRPK1,RLK,LRR-VIII-2,Y,0,0,0,0,1-390,,,,,,,,
NS01,AT4G11500,AT4G11500.1,,RLK,DUF26,N,,,,,,,,,,,,,
NS02,AT3G45920,AT3G45920.1,,RLK,LRR-I,N,,,,,,,,,,,,,
NS03,AT1G62090,AT1G62090.1,,RLK,LRR-I,N,,,,,,,,,,,,,
NS04,AT4G20790,AT4G20790.1,,RLK,LRR-VI-2,N,,,,,,,,,,,,,
NS05,AT3G24400,AT3G24400.1,PERK2,RLK,PERK,N,,,,,,,,,,,,,
NS06,AT4G32710,AT4G32710.1,PERK14,RLK,PERK,N,,,,,,,,,,,,,
NS07,AT4G21370,AT4G21370.1,SD-RLK31,RLK,SD1,N,,,,,,,,,,,,,
NS08,AT2G41890,AT2G41890.1,,RLK,SD-2b,N,,,,,,,,,,,,,
NS09,AT1G16140,AT1G16140.1,WAKL3,RLK,WAKL,N,,,,,,,,,,,,,
NS10,AT1G54470,AT1G54470.1,RLP8/RRP27,RLP,LRR-RLP,N,,,,,,,,,,,,,